id,brand,car_model,type,desc,problem,datetime,status
486444,东风本田,本田XR-V,2020款 220 TURBO CVT 豪华版,东风本田XR-V行驶中底盘装甲突然掉落,"J299,J304,",2020-06-20,用户评分
486442,上汽大众,途观,2012款 1.4TSI 手动 两驱 都会版,上汽大众途观4S店用外采件充当原装配件,"N319,",2020-06-20,信息审核
486441,吉利汽车,缤越,2019款 260T DCT 骑士 国V,吉利缤越车机升级不兑现 出现死机,"H155,L314,",2020-06-20,处理反馈
486433,广汽本田,皓影,2020款 锐·混动 2.0L 两驱 锐·豪华版,广汽本田皓影后视镜玻璃脱落厂家拒绝更换,"H211,",2020-06-20,处理反馈
486432,长安汽车,长安UNI-T,2020款 1.5T 尊贵型,长安UNI-T主驾驶化妆灯与宣传不符,"Q350,",2020-06-20,厂家受理
486431,吉利汽车,帝豪,2016款 1.5L 手动 向上版 三厢,吉利帝豪转向抖动异响 减震器漏油 车窗漏风,"D80,G25,H144,",2020-06-20,处理反馈
486430,吉利汽车,缤越,2019款 260T DCT 骑士 国V,吉利缤越车机无法升级 车窗漏风 刹车异响,"E43,H144,L314,",2020-06-20,处理反馈
486427,吉利汽车,远景,2020款 1.5L CVT 亚运版,吉利远景胎压监测系统疑似简配,"Q350,",2020-06-20,处理反馈
486423,上汽大众,朗逸,2017款 1.6L 手动 舒适版,上汽大众朗逸半轴油封漏油要求免费更换,"G51,",2020-06-20,信息审核
486422,吉利汽车,嘉际,2019款 1.5TD MHEV DCT 臻享型,吉利嘉际车机系统版本低无法使用,"M279,",2020-06-20,处理反馈
486421,长安汽车,逸动XT,2016款 1.6L GDI 自动 锐酷型 XT,长安逸动XT变速箱挂入P挡后卡死,"B184,",2020-06-20,处理反馈
486418,广汽丰田,丰田C-HR,2018款 2.0L 领先天窗版 国VI,广汽丰田C-HR邓禄普轮胎外侧出现裂纹,"F100,",2020-06-20,厂家受理
486417,东风雪铁龙,爱丽舍,2018款 1.6L 手动 时尚型,东风雪铁龙爱丽舍刹车片异常磨损,"E47,",2020-06-20,处理反馈
486416,北京现代,菲斯塔,2019款 280TGDi 运动版 国V,北京现代菲斯塔天窗异响 蓝牙断开,"H155,H89,",2020-06-20,信息审核
486415,东风风行,风行M6,2019款 1.5T 手动 长轴尊享型 7座,东风风行M6离合器漏油4店推脱不处理,"C207,",2020-06-20,处理反馈
486414,一汽-大众,探岳,2019款 330TSI 两驱 豪华型 国Ⅵ,一汽大众探岳车灯不亮希望尽快处理,"H82,",2020-06-20,处理反馈
486413,猎豹汽车,Mattu,2018款 1.6T GDI DCT 精英型,猎豹Mattu发动机故障变速箱无动力输出,"A34,B246,H170,",2020-06-20,信息审核
486411,广汽丰田,凯美瑞,2018款 2.5HG E-CVT 豪华版,广汽丰田凯美瑞机油增多无法解决,"A339,",2020-06-20,厂家受理
486409,一汽-大众,探岳,2019款 330TSI 两驱 豪华型Plus 国V,一汽大众探岳大灯照明度不足 灯泡出现雾化,"H82,",2020-06-20,处理反馈
486400,吉利汽车,星越,2019款 350T 暗夜骑士限量版,吉利星越车机与宣传不符出现死机现象,"H155,M279,",2020-06-20,处理反馈
486396,一汽-大众,宝来,2014款 1.6L 自动 时尚型,一汽大众宝来车内进水4S店找不到原因,"H109,",2020-06-20,处理反馈
486395,广汽本田,雅阁,2018款 260TURBO 豪华版 国V,广汽本田雅阁电子手刹异响需要尽快处理,"E43,E159,",2020-06-20,处理反馈
486392,吉利汽车,缤越,2019款 260T DCT 骑士 国V,吉利缤越门窗漏风 车机版本老旧,"H144,L314,",2020-06-20,处理反馈
486391,上汽通用五菱,五菱宏光,2019款 1.5L S 舒适型 国VI LAR,上汽通用五菱宏光行驶中突然熄火,"A14,",2020-06-20,处理反馈
486388,一汽-大众,速腾,2019款 280TSI DSG 舒适型 国VI,一汽大众速腾发动机故障灯多次报警,"A34,",2020-06-20,处理反馈
486387,上汽集团,荣威350,2010款 1.5 手动 讯驰版 350S,上汽荣威350空调冷热风无法切换,"H101,",2020-06-20,信息审核
486386,东风雪铁龙,雪铁龙C4L,2014款 1.6THP 自动 智驱版 劲智型,东风雪铁龙C4L发动机正时链条套件故障,"A45,",2020-06-20,处理反馈
486385,星途,星途LX,2019款 1.6T 星睿版,星途LX发动机与变速箱连接处漏油,"A12,B22,",2020-06-20,信息审核
486383,吉利汽车,缤越,2019款 260T DCT 骑士 国V,吉利缤越门窗漏风 车机版本老旧,"H144,L314,",2020-06-20,处理反馈
486379,长安马自达,马自达3 昂克赛拉,2017款 2.0L 自动 旗舰型 三厢 国V,长安马自达昂克赛拉后视镜自动折叠功能失灵,"H211,",2020-06-20,厂家受理
486378,野马汽车,野马T70,2016款 1.5T 手动 豪华型 升级版,野马T70倒车影像不显示黑屏厂家无配件,"H134,N318,",2020-06-20,处理反馈
486377,广汽讴歌,讴歌CDX,2019款 1.5T 两驱 尊享版,广汽讴歌CDX变速箱顿挫车顶钢板太软,"B19,Q322,",2020-06-20,处理反馈
486376,奇瑞汽车,艾瑞泽5,2017款 1.5L 手动 领潮版,奇瑞艾瑞泽5空调制冷效果差存在质量问题,"H101,",2020-06-20,处理反馈
486375,广汽本田,缤智,2020款 1.5L CVT 先锋版,广汽本田缤智优科豪马轮胎漏气售后不予质保,"F41,",2020-06-20,用户评分
486372,上汽通用五菱,新宝骏RS-5,2019款 1.5T CVT 智能驾控豪华版 国V,新宝骏RS-5玲珑轮胎龟裂 起皮严重,"F100,F186,",2020-06-20,处理反馈
486368,东南汽车,东南DX3,2018款 1.5L 手动 尊贵型,东南DX3离合器异响4S店维修后未解决,"C65,",2020-06-20,处理反馈
486361,东风悦达起亚,凯绅,2019款 1.8L 自动 GLS,东风悦达起亚凯绅后备箱盖生锈严重,"H79,",2020-06-20,处理反馈
486353,吉利汽车,星越,2019款 350T 暗夜骑士限量版,吉利星越车机与宣传不符 中控台异响,"H93,M279,",2020-06-20,处理反馈
486352,长安马自达,马自达3 昂克赛拉,2016款 1.5L 自动 豪华型 三厢,长安马自达昂克赛拉中控导航屏幕无故脱胶,"H134,H168,",2020-06-20,厂家受理
486351,长安汽车,长安CS55 PLUS,2020款 1.5T 自动 炫色型,长安CS55 PLUS起步3100转换挡 悬挂异响,"B69,G204,",2020-06-20,用户评分
486350,东风启辰,启辰D60,2019款 十万荣耀 1.6L Entry 手动 辰尚版 国VI,启辰D60后轮眉位置掉漆生锈存在质量问题,"H79,H81,",2020-06-20,信息审核
486349,吉利汽车,博越,2018款 1.8TD 自动 两驱 智联型 4G互联版,吉利博越刹车异响变速箱挂挡顿挫严重,"B19,E43,",2020-06-20,用户评分
486347,华晨宝马,宝马3系,2017款 320i M 运动型,宝马3系冷却液水管断裂发动机高温报警,"A37,A191,H168,",2020-06-20,信息审核
486342,吉利汽车,博越,2018款 1.8TD 自动 两驱 智联型 4G互联版,吉利博越手机APP无法控制车窗及定位,"H155,",2020-06-20,处理反馈
486341,众泰汽车,众泰SR9,2017款 2.0T 自动 极致之梦版,众泰SR9行驶中变速箱异响挂挡无法行驶,"B33,B334,",2020-06-20,处理反馈
486339,上汽大众,朗逸,2019款 280TSI DSG 舒适版 国VI,上汽大众朗逸刹车异响 变速箱异响,"B33,E43,",2020-06-20,厂家受理
486336,上汽大众,朗逸,2018款 280TSI DSG豪华版 两厢 国V,上汽大众朗逸轮毂氧化售后不予质保,"H243,",2020-06-20,信息审核
486335,一汽-大众,探岳,2019款 380TSI 四驱 R-Line 国VI,一汽大众探岳大灯亮度不够透镜上有指纹,"H82,H60,",2020-06-20,处理反馈
486332,沃尔沃亚太,沃尔沃S60新能源,2015款 2.0T 智越版 E驱混动,沃尔沃S60新能源召回后空调问题频发,"H101,",2020-06-20,信息审核
486329,一汽-大众,速腾,2019款 200TSI 手动 舒适型 国VI,一汽大众速腾一挡起步时转速自动升高,"A35,",2020-06-20,处理反馈
486328,上汽集团,名爵HS,2019款 30T 自动 两驱 Trophy超燃版 国VI,上汽名爵HS发动机排放故障频发 动力消失,"A34,A255,B96,",2020-06-20,用户评分
486327,吉利汽车,帝豪GS,2018款 1.4T 自动 领潮版 领尚智联型,吉利帝豪GS 4S店私自收回购车合同,"K309,L313,",2020-06-20,处理反馈
486321,上汽大众,途观L,2017款 330TSI 两驱 豪华版,上汽大众途观L车身共振影响驾驶安全,"H268,",2020-06-20,信息审核
486318,广汽丰田,凯美瑞,2015款 2.0G 自动 领先版,广汽丰田凯美瑞左前半轴有漏油现象,"G51,",2020-06-20,厂家受理
486314,奥迪（进口）,奥迪A1,2014款 30 TFSI Sportback 时尚型,进口奥迪A1变速箱机电单元故障引起故障灯亮,"B96,B84,",2020-06-20,信息审核
486312,Jeep（进口）,指南者（进口）,2014款 2.4L 自动 四驱 舒适版 改款,进口Jeep指南者隔音棉问题导致车内异味,"H185,",2020-06-20,厂家受理
486311,一汽-大众,迈腾,2017款 330TSI DSG 豪华型,一汽大众迈腾行驶中变速箱报警 挡位缺失,"B19,B96,B84,",2020-06-20,处理反馈
486308,吉利汽车,嘉际,2019款 1.5TD MHEV DCT 尊享型,吉利嘉际尊享版和高配氛围灯虚假宣传,"M279,",2020-06-20,处理反馈
486304,北汽新能源,北汽新能源EU5,2018款 EU5 R500 智尚版,北汽新能源EU5行驶时变速箱脱挡无法挂挡,"B20,B246,",2020-06-20,处理反馈
486302,猎豹汽车,猎豹CS10,2017款 2.0T 手动 风尚型,猎豹CS10转向时异响并且卡顿 刹车抖动,"D59,D123,E111,",2020-06-20,信息审核
486298,一汽-大众,速腾,2018款 280TSI DSG熠动版,一汽大众速腾顶棚鼓包 大灯进雾 刹车盘生锈,"E42,H168,H88,",2020-06-20,处理反馈
486297,广汽本田,雅阁,2005款 2.4 自动 标准版,广汽本田雅阁吊拉设计的前悬挂存在安全隐患,"Q322,",2020-06-20,处理反馈
486296,北京奔驰,奔驰C级,2016款 200 L 运动型,北京奔驰C级空调系统无法调节温度影响使用,"H101,",2020-06-20,信息审核
486293,奇瑞汽车,艾瑞泽5,2016款 1.5L CVT 领臻版,奇瑞艾瑞泽5发动机生锈4S店不予解决,"A247,",2020-06-20,处理反馈
486288,吉利汽车,星越,2019款 改款 350T 驭星者AWD,吉利星越实车多项配置与厂家宣传不符,"M279,",2020-06-20,处理反馈
486287,长安马自达,马自达3 昂克赛拉,2020款 2.0L 自动 质雅版,长安马自达昂克赛拉新车车门出现下沉,"H149,",2020-06-20,厂家受理
486286,吉利汽车,帝豪,2018款 1.5L 手动 豪华型,吉利帝豪发动机油耗高一直未解决,"A85,",2020-06-20,处理反馈
486283,长安汽车,长安CS75 PLUS,2020款 1.5T 自动 豪华型,长安CS75 PLUS车载微信缺失与宣传不符,"M279,",2020-06-20,处理反馈
486280,东风悦达起亚,智跑,2018款 2.0L 自动 智享豪华版,东风悦达起亚智跑发动机盖漆面开裂脱落,"H81,",2020-06-20,处理反馈
486279,广汽丰田,雷凌,2019款 185T CVT 运动版 国VI,广汽丰田雷凌变速箱换挡顿挫 转向异响,"B19,D59,",2020-06-20,厂家受理
486277,上汽通用五菱,宝骏360,2018款 1.5L 手动 精英型 国V,宝骏360更换的挡风玻璃漏水漏风4S店不解决,"I295,J303,",2020-06-20,处理反馈
486274,长安汽车,锐程CC,2020款 1.5T 自动 潮锐型,长安锐程CC行驶中突然熄火要求处理,"A14,",2020-06-20,处理反馈
486271,东风标致,标致408,2014款 1.8L 自动 豪华版,东风标致408发动机故障灯亮烧机油空调异响,"A34,A63,H101,",2020-06-20,处理反馈
486270,广汽丰田,雷凌,2017款 185T CVT 精英版 国V 改款,广汽丰田雷凌后减震器出现漏油的现象,"G25,",2020-06-20,厂家受理
486268,长安马自达,马自达3 昂克赛拉,2020款 2.0L 自动 质雅版,长安马自达昂克赛拉方向盘锁死故障灯亮,"D123,D265,D291,",2020-06-20,厂家受理
486267,一汽红旗,红旗HS7,2019款 3.0T 自动 四驱 旗悦版,红旗HS7换挡机构故障导致P挡挂不上,"B184,",2020-06-20,信息审核
486266,一汽-大众,速腾,2019款 280TSI DSG 舒适型 国VI,一汽大众速腾升降挡时变速箱异响严重,"B33,",2020-06-20,处理反馈
486262,广汽三菱,劲炫ASX,2018款 2.0L CVT 两驱 智橙版,广汽三菱劲炫触摸屏死机厂家未回复,"H134,",2020-06-20,厂家受理
486261,比亚迪,比亚迪e2,2019款 400出行版,比亚迪e2下雨天前挡风玻璃上的雾气无法吹干,"H101,",2020-06-20,处理反馈
486260,上汽大众,凌渡,2017款 230TSI 手动 风尚版,上汽大众凌渡一键升降失灵销售不管售后问题,"H67,I295,",2020-06-20,信息审核
486257,江铃汽车,域虎3,2018款 2.5T 四驱 进取版 长轴距 柴油,江铃域虎3底盘异响 SVS故障灯亮,"A34,G56,",2020-06-20,厂家受理
486255,东风日产,骐达TIIDA,2020款 1.6L CVT 智行版,东风日产骐达减震器漏油售后服务态度差,"G25,I293,",2020-06-20,处理反馈
486254,上汽大众,朗逸,2019款 1.5L 自动 舒适版 国VI,上汽大众朗逸发动机存在金属撞击声,"A9,",2020-06-20,信息审核
486252,上汽集团,名爵6,2019款 20T 自动 运动版,上汽名爵6保养后异响且存在汽油味,"A9,J300,",2020-06-20,处理反馈
486251,一汽-大众,宝来,2019款 1.5L 手动 舒适型,一汽大众宝来发动机故障灯亮 离合器异响,"A34,C65,",2020-06-20,用户评分
486250,吉利汽车,缤瑞,2019款 200T DCT 缤驰版,吉利缤瑞变速箱油封损坏导致漏油,"B22,",2020-06-20,处理反馈
486249,吉利汽车,缤越,2019款 运动款 260T DCT Battle 国VI 运动款,吉利缤越厂家涉嫌欺诈不予升级车机系统,"E43,H168,L314,M284,",2020-06-20,处理反馈
486248,广汽丰田,凯美瑞,2018款 2.0G 自动 豪华版,广汽丰田凯美瑞正常行驶中天窗异响,"H89,",2020-06-20,厂家受理
486246,北京现代,领动,2016款 1.6L 自动 智炫·精英型,北京现代领动转向异响并且明显卡顿,"D59,D123,",2020-06-20,信息审核
486242,一汽-大众,探岳,2019款 征途版 280TSI 两驱 豪华型 国Ⅵ,一汽大众探岳大灯白内障模糊不清存在隐患,"H82,",2020-06-19,处理反馈
486241,上汽大众,途观L,2018款 330TSI 自动 两驱 豪华版,上汽大众途观L左后轮偏磨吃胎 四缸漏油,"A12,G245,",2020-06-19,信息审核
486240,长安马自达,马自达3 昂克赛拉,2016款 1.5L 自动 舒适型 三厢,长安马自达昂克赛拉行驶过程中空调不制冷,"H101,",2020-06-19,厂家受理
486239,吉利汽车,缤越,2019款 260T DCT Battle 运动款 国V,吉利缤越导航无法定位 倒车镜风噪大,"H155,H211,L314,",2020-06-19,处理反馈
486237,东风本田,本田CR-V,2017款 240TURBO 自动 两驱 都市版,东风本田CR-V变速箱渗油希望尽快解决,"B22,",2020-06-19,用户评分
486235,吉利汽车,博瑞,2020款 1.5T MHEV 耀享版,吉利博瑞旧车置换补贴款承诺不兑现,"L313,",2020-06-19,处理反馈
486234,吉利汽车,博越,2020款 1.8TD DCT 智尊PRO,吉利博越原地打方向异响 无挡位灯及雾灯,"D59,M279,",2020-06-19,处理反馈
486233,一汽-大众,迈腾,2019款 330TSI DSG 领先型 国V,一汽大众迈腾低速加速时变速箱存在口哨声,"B33,",2020-06-19,处理反馈
486232,观致汽车,观致5,2018款 1.6T 自动 尊贵型,观致5换挡逻辑混乱且变速箱脱挡,"B246,B69,",2020-06-19,信息审核
486227,一汽-大众,高尔夫·嘉旅,2016款 1.6L 自动 舒适型,一汽大众高尔夫嘉旅变速箱故障灯亮,"B96,",2020-06-19,处理反馈
486224,北京奔驰,奔驰C级,2020款 C 260 运动版,北京奔驰C级韩泰轮胎容易鼓包破损,"F39,",2020-06-19,信息审核
486222,一汽-大众奥迪,奥迪Q2L,2020款 35TFSI 时尚动感型,一汽大众奥迪Q2L变速箱异响要求解决,"B33,",2020-06-19,信息审核
486221,上汽大众,朗逸,2013款 1.6L 自动 经典风尚版,上汽大众朗逸车内异味严重无法解决,"H185,",2020-06-19,信息审核
486220,一汽-大众,探岳,2020款 330TSI 两驱 豪华智联版Pro,一汽大众探岳车灯进水干燥后有水印,"H88,",2020-06-19,处理反馈
486218,Jeep（进口）,指南者（进口）,2014款 2.0L 自动 两驱 运动版,进口Jeep指南者车内异味严重无法散去,"H185,",2020-06-19,厂家受理
486215,广汽本田,皓影,2020款 240TURBO CVT 两驱 豪华版,广汽本田皓影销售承诺不兑现 不给合同,"I293,L313,O353,",2020-06-19,处理反馈
486214,东风雪铁龙,雪铁龙C4L,2014款 1.6THP 自动 智驱版 劲智型,东风雪铁龙C4L发动机漏油 漏防冻液,"A12,A37,",2020-06-19,处理反馈
486213,领克汽车,领克03,2019款 2.0TD 自动 劲Pro版,领克03故障灯亮 4S店错误判断维修,"A34,J303,",2020-06-19,用户评分
486208,路虎进口,揽胜星脉,2019款 250PS R-DYNAMIC S,路虎揽胜星脉颠簸路车内低频共鸣压耳,"H268,",2020-06-19,处理反馈
486206,吉利汽车,星越,2020款 350T 驭星者AWD,吉利星越车机系统存在虚假宣传 空调异味,"H121,M279,",2020-06-19,处理反馈
486200,一汽-大众,宝来,2019款 1.5L 自动 舒适型,一汽大众宝来行驶中有晃动跳动现象,"G162,",2020-06-19,用户评分
486194,一汽-大众,速腾,2014款 1.4TSI 自动 时尚型,一汽大众速腾前挡风玻璃自然开裂,"H113,",2020-06-19,处理反馈
486191,广汽本田,缤智,2020款 1.5L CVT 先锋版,广汽本田缤智油箱口附近漆面脱落,"H81,",2020-06-19,处理反馈
486190,吉利汽车,缤越,2019款 260T DCT 骑士 国V,吉利缤越4S店喷漆质量差导致起泡,"J303,",2020-06-19,处理反馈
486188,东风雪铁龙,世嘉,2011款 1.6 自动 时尚型 三厢,东风雪铁龙世嘉3挡锁死提示变速箱故障,"B96,B84,",2020-06-19,处理反馈
486187,东风标致,标致408,2016款 1.6T 自动 豪华版,东风标致408四个轮毂不同程度氧化,"H243,",2020-06-19,处理反馈
486186,上汽大众,朗逸,2019款 280TSI DSG 舒适版 国VI,上汽大众朗逸前挡风玻璃无故开裂,"H113,",2020-06-19,信息审核
486185,一汽-大众,探岳,2019款 330TSI 两驱 豪华型 国V,一汽大众探岳大灯里面有雾气不予解决,"H88,",2020-06-19,处理反馈
486184,广汽本田,雅阁,2018款 260TURBO 精英版 国V,广汽本田雅阁机油增多超过标尺上限,"A339,",2020-06-19,处理反馈
486183,华晨宝马,宝马5系,2014款 528Li 领先型,华晨宝马5系左前大灯脱皮影响驾驶,"H220,",2020-06-19,信息审核
486182,东风乘用车,风神AX7,2019款 1.6T 自动 AI领航型 国V,东风风神AX7转向异响 开关车门异响,"D59,H72,",2020-06-19,处理反馈
486181,新特汽车,SITECH DEV 1,2018款 创睿版,新特SITECH DEV 1无法启动4S店无配件更换,"N318,",2020-06-19,信息审核
486178,东风乘用车,风神AX7,2018款 1.6T 自动 豪华型,东风风神AX7踩油门加速时发动机无动力,"A163,",2020-06-19,用户评分
486177,一汽丰田,威驰FS,2017款 1.5L CVT 锋驰版,一汽丰田威驰FS正副驾车门有断裂现象,"H168,",2020-06-19,信息审核
486176,吉利汽车,星越,2019款 350T 耀星者,吉利星越车机卡顿 转向时存在异响,"D59,M279,",2020-06-19,处理反馈
486173,一汽-大众,速腾,2018款 280TSI DSG熠动版,一汽大众速腾怠速时发动机偶尔抖动,"A24,",2020-06-19,处理反馈
486170,广汽本田,飞度,2016款 1.5L LX CVT 舒适型,广汽本田飞度启动后存在打齿声音,"A9,",2020-06-19,处理反馈
486166,吉利汽车,经典帝豪,2013款 1.5L 手动 进取型 三厢,吉利经典帝豪车身生锈 行驶时变速箱异响,"B33,H79,H220,",2020-06-19,处理反馈
486165,长安汽车,长安CS75 PLUS,2020款 1.5T 自动 尊贵型,长安CS75 PLUS导航定位不准确发生偏移,"H21,",2020-06-19,处理反馈
486163,吉利汽车,星越,2019款 300T 耀星者,吉利星越方向左偏 车机黑屏并且死机,"G117,H155,M279,",2020-06-19,处理反馈
486162,广汽丰田,汉兰达,2018款 2.0T 四驱 骑士版 7座 国VI,广汽丰田汉兰达升级的多媒体系统与宣传不符,"M279,",2020-06-19,厂家受理
486154,奔驰（进口）,奔驰GLE,2018款 GLE 400 4MATIC 臻藏版,进口奔驰GLE车内异味希望厂家处理问题,"H185,",2020-06-19,信息审核
486151,长安汽车,长安CS75 PLUS,2020款 2.0T 自动 领航型,长安CS75 PLUS车载微信功能与宣传不符,"M279,",2020-06-19,处理反馈
486149,一汽-大众,探岳,2020款 330TSI 两驱 豪华智联版,一汽大众探岳变速箱异响燃油泵声音大,"B33,H78,",2020-06-19,处理反馈
486148,长安跨越,新豹T3,2018款 1.2L 舒适型 单排 后单轮 标准货箱,长安跨越新豹T3配件质量差要求退换车,"N317,",2020-06-19,处理反馈
486146,上汽大众,朗逸,2017款 1.6L 自动 舒适版,上汽大众朗逸刹车时前轮位置存在异响,"E43,",2020-06-19,信息审核
486144,吉利汽车,博越,2020款 1.8TD DCT 智尊PRO,吉利博越挡位指示灯与厂家宣传不符,"M279,",2020-06-19,处理反馈
486143,上汽集团,名爵6,2017款 20T 自动 Trophy尊享互联网版 国V,上汽名爵6电瓶亏电希望尽快处理,"H146,",2020-06-19,用户评分
486142,沃尔沃亚太,沃尔沃S60,2017款 2.0T T4 智远版,亚太沃尔沃S60高压油泵故障导致故障灯亮,"A34,H78,",2020-06-19,信息审核
486140,吉利汽车,博越,2016款 1.8TD 自动 两驱 智慧型,吉利博越四个轮毂发生不同程度氧化,"H243,",2020-06-19,处理反馈
486136,东风日产,楼兰,2015款 2.5L 两驱 智尚版 XL,东风日产楼兰变速箱压力控制阀故障,"B84,",2020-06-19,处理反馈
486135,上汽大众,途安,2018款 途安L 280TSI DSG 舒适版 7座 国VI,上汽大众途安启停失灵自动驻车失灵故障灯亮,"E159,H170,",2020-06-19,信息审核
486133,上汽通用五菱,宝骏E100,2019款 250KM 智行版,宝骏E100车身掉漆 偶尔无法换挡,"B20,H81,",2020-06-19,处理反馈
486131,长安马自达,马自达3 昂克赛拉,2016款 1.5L 自动 豪华型 三厢,长安马自达昂克赛拉中控屏大面积开裂,"H134,H168,",2020-06-19,厂家受理
486128,一汽-大众奥迪,奥迪Q5,2016款 40 TFSI 进取型,一汽大众奥迪Q5车内异味召回后依然很大,"H185,Q323,",2020-06-19,信息审核
486127,吉利汽车,帝豪,2017款 1.5L 手动 向上互联版 三厢 百万款,吉利帝豪打方向盘时有异响一直未解决,"D59,",2020-06-19,处理反馈
486125,一汽-大众,探岳,2019款 330TSI 两驱 豪华型 国Ⅵ,一汽大众探岳中控死机 赠送保养承诺不兑现,"H134,I295,L313,N317,",2020-06-19,处理反馈
486122,一汽-大众,宝来,2019款 改款 1.5L 手动 舒适型 国VI,一汽大众宝来天窗密封条损坏希望保修,"H48,",2020-06-19,处理反馈
486117,捷豹,捷豹F-PACE,2019款 2.0T 四驱 都市尊享版,捷豹F-PACE经销商销售维修过的问题车,"M284,",2020-06-19,用户评分
486115,一汽-大众奥迪,奥迪Q5,2010款 2.0TFSI  双离合 舒适型,一汽大众奥迪Q5变速箱功能失效无法挂挡,"B20,B96,",2020-06-19,信息审核
486113,一汽马自达,睿翼,2011款 2.0 自动 精英版,一汽马自达睿翼仪表台开裂发粘厂家未回复,"H176,",2020-06-19,信息审核
486112,广汽三菱,欧蓝德,2016款 2.4L 四驱精英版 5座,广汽三菱欧蓝德座椅生锈行驶时方向跑偏,"G117,H79,",2020-06-19,厂家受理
486109,众泰汽车,众泰T700,2017款 1.8T 双离合 尊贵型 贺岁版,众泰T700打方向沉重厂家无配件提供,"D156,D57,N318,",2020-06-19,处理反馈
486106,北京奔驰,奔驰C级,2015款 200 L 运动型,北京奔驰C级4S店更换发动机未变更登记信息,"J299,",2020-06-19,信息审核
486105,北汽昌河,昌河Q35,2016款 1.5L 自动 炫酷版,北汽昌河Q35仪表显示安全气囊故障灯亮,"H103,",2020-06-19,信息审核
486101,东风标致,标致408,2015款 1.2T 自动 豪华版,东风标致408发动机故障灯报警希望处理,"A34,",2020-06-19,处理反馈
486097,吉利汽车,星越,2019款 改款 350T 耀星者,吉利星越车机死机黑屏与宣传不符,"H155,M279,",2020-06-19,信息审核
486095,众泰汽车,众泰T700,2017款 1.8T 双离合 尊贵型,众泰T700门把手损坏前轴承损坏右后胎压失灵,"G125,H203,H233,",2020-06-19,处理反馈
486092,北京现代,途胜,2015款 1.6T   双离合 两驱 智能型,北京现代途胜发动机烧机油希望尽快解决,"A63,",2020-06-19,信息审核
486089,东风雪铁龙,雪铁龙C6,2017款 380THP 尊贵型,东风雪铁龙C6 SOS灯常亮要求质保维修,"H170,",2020-06-19,处理反馈
486085,上汽斯柯达,昊锐,2012款 1.8TSI 自动 优雅版,斯柯达昊锐车内异味越来越严重影响健康,"H185,",2020-06-19,信息审核
486084,东风启辰,晨风,2014款 6.6KW 纯电动  领风版,启辰晨风动力电池衰减30%导致续航里程不足,"H343,",2020-06-19,信息审核
486083,领克汽车,领克01,2017款 2.0T 自动 两驱 型 Pro,领克01低速加速发动机异响 4S店无法解决,"A9,I295,",2020-06-19,处理反馈
486080,吉利汽车,嘉际,2019款 1.5TD MHEV DCT 臻享型,吉利嘉际连接蓝牙通话无声音 导航不予升级,"H21,H155,L313,",2020-06-19,用户评分
486079,长安马自达,马自达3 昂克赛拉,2016款 2.0L 自动 旗舰型 三厢,长安马自达昂克赛拉中控屏脱胶开裂影响使用,"H134,",2020-06-19,处理反馈
486077,吉利汽车,远景,2018款 1.5L 自动 尊贵型,吉利远景经销商丢失钥匙和车辆合格证,"O353,O354,",2020-06-19,处理反馈
486071,上汽集团,名爵ZS,2017款 1.5L 手动 豪华版,上汽名爵ZS变速箱换挡顿挫 刹车片偏磨,"B19,E47,",2020-06-19,处理反馈
486068,广汽本田,雅阁,2016款 2.0L CVT  舒适版,广汽本田雅阁日间行车灯灯带有一半不亮,"H82,",2020-06-19,处理反馈
486066,福特（进口）,探险者（进口）,2016款 2.3T 精英版,进口福特探险者刹车片脱落要求厂家解决,"E270,",2020-06-19,厂家受理
486065,广汽本田,雅阁,2016款 2.0L CVT  舒适版,广汽本田雅阁发动机故障灯亮希望解决,"A34,",2020-06-19,处理反馈
486063,长安标致雪铁龙DS,DS5,2014款 1.6T 雅致版THP160,长安标致雪铁龙DS5冷车启动时发动机异响,"A9,",2020-06-19,信息审核
486062,吉利汽车,帝豪,2017款 1.5L 手动 向上版 三厢 百万款,吉利帝豪转向时存在异响要求厂家处理,"D59,",2020-06-19,处理反馈
486061,北京现代,朗动,2013款 1.6L 自动 尊贵型,北京现代朗动变速箱降挡顿挫一直未解决,"B19,I295,",2020-06-19,信息审核
486058,上汽集团,荣威RX5 MAX,2019款 400TGI 自动 智能座舱旗舰版,上汽荣威RX5 MAX怠速时发动机抖动,"A24,H211,",2020-06-19,处理反馈
486057,众泰汽车,众泰T600,2014款 1.5T 手动 精英型,众泰T600节气门漏气导致行驶中加速无力,"A251,",2020-06-19,处理反馈
486056,一汽-大众奥迪,奥迪Q3,2018款 30 TFSI 时尚型典藏版,一汽大众奥迪Q3发动机高压油泵异响,"A9,",2020-06-19,信息审核
486051,大众（进口）,高尔夫（进口）,2011款 1.4TSI DSG Cross Golf,进口大众高尔夫水泵故障水温过高且无报警,"A191,A221,",2020-06-19,信息审核
486049,一汽-大众,速腾,2018款 280TSI DSG熠动版,一汽大众速腾方向盘磨损脱皮存在质量问题,"H157,",2020-06-19,用户评分
486048,吉利汽车,星越,2019款 350T 耀星者,吉利星越车机死机要求厂家更换硬件,"H155,M279,",2020-06-19,处理反馈
486047,江淮汽车,瑞风M3,2019款 宜家版 1.8L 豪华 智能型,江淮瑞风M3行驶时跑偏轮胎异常磨损,"G245,G117,I295,",2020-06-19,处理反馈
486044,吉利汽车,星越,2019款 350T 耀星者,吉利星越4S店销售人员故意隐瞒厂家增购补贴,"L313,",2020-06-19,用户评分
486040,长城汽车,哈弗H5,2016款 2.0T 四驱精英型 经典版,哈弗H5发动机怠速不稳 涡轮增压器漏油,"A163,A35,A189,",2020-06-19,用户评分
486039,奇瑞汽车,艾瑞泽5,2017款 1.5L 手动 时尚版,奇瑞艾瑞泽5空调漏氟 车载互联无网络,"H146,H155,",2020-06-19,处理反馈
486038,广汽丰田,凯美瑞,2019款 2.0G 豪华版 国VI,广汽丰田凯美瑞喷漆不匀且有生锈现象,"H79,H81,",2020-06-19,厂家受理
486037,一汽-大众,速腾,2019款 200TSI DSG 舒适型 国VI,一汽大众速腾升降挡时变速箱异响,"B33,",2020-06-19,处理反馈
486034,上汽大众,途观L,2017款 330TSI 两驱 旗舰版,大众途观L行驶中提示变速箱进入紧急状态,"B96,B84,B77,",2020-06-19,信息审核
486031,广汽本田,雅阁,2018款 260TURBO 精英版 国VI,广汽本田雅阁座椅调节支撑锈蚀掉渣,"H79,",2020-06-19,处理反馈
486030,猎豹汽车,Mattu,2018款 1.6T GDI DCT 尊贵型,猎豹Mattu变速箱无动力输出无法正常行驶,"B334,",2020-06-19,信息审核
486029,上汽大众,朗逸,2019款 朗逸启航 1.5L 手动 舒适版 国VI,上汽大众朗逸刹车异响4S店告知正常,"E43,",2020-06-19,信息审核
486027,一汽-大众,速腾,2018款 280TSI DSG熠动版,一汽大众速腾发动机异响 刹车踏板震动,"A9,D80,E111,",2020-06-19,处理反馈
486026,广汽丰田,凯美瑞,2009款 200G 自动 豪华版,广汽丰田凯美瑞中控仪表台腐蚀氧化掉皮,"H176,",2020-06-19,厂家受理
486022,上汽通用五菱,宝骏310W,2017款 1.5L 手动 舒适型 国V,宝骏310W车辆自燃要求尽快处理问题,"H40,",2020-06-19,处理反馈
486017,东风标致,标致4008,2017款 380THP 豪华GT版,东风标致4008承诺不兑现升级车机后音响无声,"H134,L314,",2020-06-19,处理反馈
486016,一汽大众,捷达VS5,2019款 280TSI 自动 悦享型,捷达VS5前雨刮器导水槽漏水存在质量问题,"H109,",2020-06-19,信息审核
486013,一汽-大众,高尔夫,2018款 230TSI 自动 舒适型,一汽大众高尔夫发动机运转时高压油泵异响,"A9,",2020-06-19,处理反馈
486009,东风日产,逍客,2016款 2.0L CVT 精英版,东风日产逍客变速箱阀体故障无法加速,"B334,B84,",2020-06-19,处理反馈
486008,一汽-大众,宝来,2019款 1.5L 自动 时尚型,一汽大众宝来大灯进水胎压误报自动驻车故障,"H88,H170,H203,",2020-06-19,处理反馈
486002,广汽本田,雅阁,2018款 260TURBO 旗舰版 国V,广汽本田雅阁胎压监测误报警 车身异响,"H15,H155,H203,",2020-06-19,处理反馈
486001,昌河铃木,北斗星X5,2015款 1.4L 巡航版,昌河铃木北斗星X5油表不准 转向时有异响,"D59,H93,H68,H202,H197,",2020-06-19,信息审核
485999,东南汽车,V3菱悦,2011款 1.5 手动 豪华版,东南V3菱悦汽车锈蚀严重影响安全,"H79,",2020-06-19,处理反馈
485995,广汽本田,飞度,2016款 1.5L LX CVT 舒适型,广汽本田飞度发动机冷车启动异响要求解决,"A9,",2020-06-19,处理反馈
485994,一汽-大众,速腾,2013款 2.0TSI GLI,一汽大众速腾发动机和变速箱漏油,"A12,B22,",2020-06-19,处理反馈
485988,众泰汽车,众泰Z500,2015款 1.5T 手动 尊贵型,众泰Z500质保期内出现的质量问题不予索赔,"I297,",2020-06-19,处理反馈
485987,众泰汽车,众泰SR9,2017款 2.0T 自动 极致之梦版,众泰SR9变速箱多次损坏要求退车,"B96,",2020-06-19,处理反馈
485980,奇瑞捷豹路虎,揽胜极光,2020款 249PS R-DYNAMIC SE 运动科技版,奇瑞捷豹路虎揽胜极光减震器中控台转向异响,"D59,G52,H93,",2020-06-19,用户评分
485979,长安马自达,马自达3 昂克赛拉,2020款 2.0L 自动 质雅版,长安马自达昂克赛拉中网镀铬装饰条腐蚀掉漆,"H81,H168,",2020-06-19,用户评分
485976,长安马自达,马自达3 昂克赛拉,2016款 1.5L 自动 豪华型 三厢,长安马自达昂克赛拉中控屏幕有开裂现象,"H134,",2020-06-19,处理反馈
485972,吉利汽车,星越,2019款 改款 350T 耀星者,吉利星越车机死机与厂家未回复处理,"H155,I294,M279,",2020-06-19,处理反馈
485970,北京奔驰,奔驰C级,2020款 C 260 运动版,北京奔驰C级无钥匙进入失灵希望厂家处理,"H119,",2020-06-19,信息审核
485968,奇瑞瑞麒,瑞麒G6,2011款 2.0T 自动 豪华型,瑞麒G6高速行驶时变速箱油管爆裂,"B22,G56,N318,",2020-06-19,用户评分
485966,东风本田,本田CR-V,2019款 240TURBO CVT 两驱 舒适版 国V,东风本田CR-V经销商违规收取续保押金,"K307,",2020-06-19,处理反馈
485965,北京现代,领动,2019款 1.5L CVT 智炫·精英型,北京现代领动减震器无配件承诺解决未兑现,"I294,L314,N318,N320,",2020-06-19,处理反馈
485959,广汽丰田,丰田C-HR,2020款 2.0L 领先版,广汽丰田C-HR未给发票导致无法上牌,"O353,",2020-06-19,厂家受理
485956,猎豹汽车,猎豹CS10,2017款 2.0T 手动 卓越型,猎豹CS10天窗异响不断 刹车疲软,"E269,H89,",2020-06-19,信息审核
485954,东风本田,本田XR-V,2015款 1.8L EXi CVT 舒适版,东风本田XR-V购车至今车内一直存在异味,"H164,",2020-06-19,处理反馈
485953,一汽-大众,速腾,2018款 280TSI DSG熠动版,一汽大众速腾韩泰轮胎开裂并且鼓包,"F100,F39,",2020-06-19,处理反馈
485951,吉利汽车,缤瑞,2018款 14T CVT 缤纷版,吉利缤瑞发动机转速过高厂家未解决问题,"A35,J301,",2020-06-19,处理反馈
485950,一汽-大众奥迪,奥迪A6L,2020款 40 TFSI 豪华动感型,一汽大众奥迪A6L刹车抱死转向故障灯亮,"A34,D57,D291,E29,M284,",2020-06-19,信息审核
485947,吉利汽车,远景,2017款 1.5L 自动 幸福版,吉利远景行驶中动力消失存在质量问题,"B334,",2020-06-19,处理反馈
485946,一汽丰田,RAV4荣放,2020款 2.0L CVT 两驱 都市版,一汽丰田RAV4荣放发动机舱有泥浆车架生锈,"H79,Q322,",2020-06-19,信息审核
485945,东南汽车,东南DX7,2016款 1.5T 手动 凯旋版,东南DX7空调开冷风出热风车身异响,"H101,H15,",2020-06-19,处理反馈
485943,北京现代,领动,2016款 1.6L 自动 智炫·精英型,北京现代领动转向异响沉重卡滞希望处理,"D59,D123,D156,",2020-06-19,处理反馈
485942,上汽大众,途观L,2017款 330TSI 两驱 豪华版,上汽大众途观L天窗排水堵塞导致车内进水,"H90,",2020-06-19,信息审核
485940,北京现代,途胜,2018款 1.6T 双离合 两驱 15周年特别版,北京现代途胜行驶中发动机故障灯亮,"A34,",2020-06-19,处理反馈
485937,一汽-大众奥迪,奥迪A4L,2015款 2.0T CVT 标准型,一汽大众奥迪A4L节温器渗水售后不予质保,"A37,",2020-06-19,信息审核
485933,华晨中华,中华H330,2013款 1.5L 自动 豪华型,华晨中华H330左后轮轮毂破损希望尽快处理,"H243,",2020-06-19,信息审核
485931,吉利汽车,嘉际,2019款 1.5TD MHEV DCT 臻享型,吉利嘉际前部摄像头有拆装痕迹4S店不处理,"H170,I295,L313,M279,O353,",2020-06-19,处理反馈
485930,上汽大众,途观L,2019款 改款 330TSI 自动 两驱 智动豪华版 国VI,上汽大众途观L变速箱异响 转向时车轮异响,"B33,G125,",2020-06-19,处理反馈
485929,吉利汽车,缤越,2019款 260T DCT Battle 运动款 国V,吉利缤越天窗密封条多处老化破损天窗漏水,"H90,H48,",2020-06-19,处理反馈
485926,吉利汽车,星越,2019款 350T 耀星者,吉利星越车机系统升级后依然死机黑屏,"O348,",2020-06-19,处理反馈
485925,华晨宝马,宝马3系,2017款 330Li M 运动型,华晨宝马3系冷却液水管爆裂发动机温度高,"A37,A191,",2020-06-19,信息审核
485923,上汽大众,朗逸,2017款 230TSI 双离合 舒适版,上汽大众朗逸变速箱跳挡 发动机空转,"B27,",2020-06-19,用户评分
485922,上汽集团,荣威Ei5,2019款 智联旗舰版,上汽荣威Ei5充电慢且充电时自动断开,"H340,",2020-06-19,用户评分
485920,东南汽车,东南DX3,2018款 1.5L 手动 尊贵型,东南DX3排气管共振异响严重无法解决,"H268,",2020-06-19,用户评分
485919,广汽丰田,YARiS L 致炫,2018款 1.5E CVT 冠军限量版,广汽丰田致炫空调风向调节开关故障,"H101,",2020-06-19,厂家受理
485918,吉利汽车,博瑞,2015款 1.8T 旗舰型,吉利博瑞影音系统出现黑屏厂家不给保修,"H134,I297,",2020-06-19,用户评分
485917,一汽-大众,速腾,2019款 200TSI DSG 舒适型 国VI,一汽大众速腾上坡辅助系统故障导致溜车,"H170,",2020-06-19,处理反馈
485916,广汽本田,冠道,2017款 240TURBO CVT 两驱 尊享版,广汽本田冠道4S店维修使用旧件要求解决,"N316,",2020-06-19,处理反馈
485909,一汽-大众,高尔夫·嘉旅,2016款 230TSI 手动 进取型,一汽大众高尔夫嘉旅天窗漏水希望厂家解决,"H90,",2020-06-19,处理反馈
485907,上汽集团,名爵6,2018款 20T 自动 尊享互联网版 国VI,上汽名爵6四轮定位后吃胎 服务态度差,"I293,J300,J303,",2020-06-19,处理反馈
485905,奇瑞汽车,捷途X70,2020款 1.5T 手动 悦行版 5座,捷途X70挂挡异响 减震异响 发动机转速不稳,"A163,A35,B33,B20,G52,",2020-06-19,处理反馈
485904,长安马自达,马自达3 昂克赛拉,2016款 1.5L 自动 豪华型 三厢,长安马自达昂克赛拉中控屏无故开胶,"H168,",2020-06-19,用户评分
485903,华晨宝马,宝马5系,2019款 530Li 领先型 M运动套装,华晨宝马5系新车变速箱漏油多次维修未解决,"B22,J298,",2020-06-19,信息审核
485902,吉利汽车,帝豪GL,2017款 1.8L 手动 精英型,吉利帝豪GL离合器无法复位无法挂挡行驶,"C267,",2020-06-19,用户评分
485899,北京奔驰,奔驰C级,2019款 C 180 L 时尚型运动版,北京奔驰C级冷却液提示温度高要求解决,"A191,",2020-06-19,信息审核
485897,吉利汽车,博越,2018款 1.8TD 自动 两驱 智联型 4G互联版,吉利博越经销商出售问题车价格不透明,"K308,M284,",2020-06-19,用户评分
485896,上汽通用五菱,宝骏310W,2017款 1.5L 手动 舒适型 国VI,宝骏310W发动机故障灯亮 熄火 大灯进水,"A339,A14,H88,",2020-06-19,处理反馈
485892,一汽-大众,探岳,2019款 330TSI 两驱 尊贵型 国V,一汽大众探岳大灯亮度严重不足影响安全,"H82,",2020-06-18,用户评分
485891,一汽-大众奥迪,奥迪A6L,2020款 45 TFSI 臻选致雅型,一汽大众奥迪A6L行驶时发动机抖动熄火,"A24,A14,",2020-06-18,信息审核
485883,吉利汽车,博越,2020款 1.8TD DCT 智领PRO,吉利博越挡杆处没有指示灯涉嫌虚假宣传,"M279,",2020-06-18,处理反馈
485882,东风日产,逍客,2017款 2.0L CVT 精英版 国V,东风日产逍客车灯变暗行驶时变速箱顿挫,"B19,H82,",2020-06-18,处理反馈
485881,上汽集团,荣威350,2014款 1.5L 自动 迅达版 350S,上汽荣威350购车后车内一直有浓重的异味,"H185,",2020-06-18,处理反馈
485880,北京现代,途胜,2015款 1.6T   双离合 两驱 智能型,北京现代途胜空调压缩机频繁启停中控异响,"H101,H93,",2020-06-18,处理反馈
485878,吉利汽车,嘉际,2019款 1.5TD MHEV DCT 尊享型,吉利嘉际转向机漏油备胎异常磨损车身异响,"D58,H72,H15,H157,",2020-06-18,处理反馈
485877,长安汽车,长安CS95,2017款 2.0T 两驱 智拓版,长安CS95踩刹车后异响声音大要求索赔,"E43,",2020-06-18,处理反馈
485875,北京奔驰,奔驰GLC,2018款 GLC 260 4MATIC 动感型 改款,北京奔驰GLC轮毂氧化起皮要求更换,"H243,",2020-06-18,信息审核
485872,广汽本田,雅阁,2015款 2.0L LXS 精英版,广汽本田雅阁变速箱异响高速行驶顿挫,"B33,B19,",2020-06-18,处理反馈
485871,北京现代,领动,2016款 1.6L 自动 智炫·精英型,北京现代领动跑高速时岀现方向卡滞,"D123,",2020-06-18,用户评分
485865,吉利汽车,博越,2020款 1.8TD DCT 智领PRO,吉利博越行驶过程中变速箱明显顿挫,"B19,",2020-06-18,处理反馈
485863,东风标致,标致408,2016款 1.6T 自动 豪华版,东风标致408水泵损坏导致发动机异响,"A9,A221,",2020-06-18,用户评分
485862,长安马自达,马自达3 昂克赛拉,2020款 2.0L 自动 质雅版,马自达昂克赛拉行使中显示超音传感器故障,"B19,B95,H234,",2020-06-18,处理反馈
485854,北京奔驰,奔驰C级,2020款 改款 C 260 运动版,北京奔驰C级怠速不稳定变速箱换挡迟滞,"A35,B19,",2020-06-18,信息审核
485851,长安马自达,马自达3 昂克赛拉,2016款 1.5L 自动 舒适型 三厢,长安马自达昂克赛拉仪表盘掉漆座椅掉皮,"H168,H169,",2020-06-18,处理反馈
485843,东风日产,逍客,2017款 2.0L CVT 智享版 国V,东风日产逍客转向异响希望厂家处理,"D59,",2020-06-18,处理反馈
485830,吉利汽车,博瑞,2015款 1.8T 旗舰型,吉利博瑞方向盘卡死 助力系统故障,"A255,D123,D112,",2020-06-18,处理反馈
485828,长安汽车,长安UNI-T,2020款 1.5T 尊贵型,长安UNI-T车机没有反应音量自动增大,"H134,",2020-06-18,用户评分
485825,吉利汽车,帝豪GL,2018款 1.4T 自动 精英智联型,吉利帝豪GL中控台异响多次处理无效,"B19,H93,H89,",2020-06-18,用户评分
485823,广汽本田,缤智,2015款 1.5L CVT 两驱舒适型,广汽本田缤智冷车启动发动机异响,"A9,",2020-06-18,处理反馈
485821,东风标致,标致5008,2017款 380THP 精英版 7座,东风标致5008方向盘与刹车行驶途中异响,"D59,E43,",2020-06-18,处理反馈
485819,一汽丰田,亚洲龙,2019款 双擎 2.5L XLE 尊贵版 国Ⅵ,一汽丰田亚洲龙天窗异响严重希望解决,"H89,",2020-06-18,信息审核
485817,东风本田,本田CR-V,2018款 1.5T CVT 两驱 舒适版,东风本田CR-V优科豪马轮胎开裂掉皮,"F100,F186,",2020-06-18,处理反馈
480842,南京依维柯,依维柯欧胜,2020款 2.3T 手动 运瑞 手动门 短轴 高顶 低功F1A,南京依维柯欧胜发动机故障灯亮多次维修,"A34,",2020-06-05,信息审核
480841,吉利汽车,博瑞,2015款 1.8T 舒适型,吉利博瑞电动助力系统故障导致方向盘抱死,"D57,",2020-06-05,用户评分
480839,一汽丰田,奕泽IZOA,2018款 2.0L 奕驰版 国V,一汽丰田奕泽变速箱顿挫转向异响制动异响,"B19,D59,E43,I295,",2020-06-05,厂家受理
480837,上汽大众,途观L,2019款 330TSI 自动 两驱 风尚版 国VI,上汽大众途观L变速箱换挡时存在异响,"B33,",2020-06-05,用户评分
480836,上汽通用别克,昂科威,2017款 20T 双离合 两驱豪华型,别克昂科威方向盘抖动希望厂家处理问题,"D80,",2020-06-05,处理反馈
480833,上汽通用凯迪拉克,凯迪拉克CT6,2020款 28T 豪华型,上汽通用凯迪拉克CT6变速箱顿挫,"B19,",2020-06-05,处理反馈
480830,广汽丰田,雷凌,2017款 1.2T G CVT 精英版,广汽丰田雷凌后备箱生锈 减震器漏油,"G25,H79,H81,H164,H93,",2020-06-05,用户评分
480829,吉利汽车,星越,2019款 350T 耀星者,吉利星越车机卡顿死机与宣传不符,"M279,",2020-06-05,处理反馈
480826,上汽大众,途观,2016款 280TSI 自动 两驱 丝绸之路风尚版,上汽大众途观汽车前机盖无法打开望解决,"H197,J298,",2020-06-05,处理反馈
480824,一汽马自达,阿特兹,2020款 2.5L 蓝天尊崇版,一汽马自达阿特兹车内与车身多处异响,"D59,H164,H15,",2020-06-05,处理反馈
480823,吉利汽车,星越,2019款 300T 耀星者,吉利星越购车承诺赠送油卡不兑现,"L313,",2020-06-05,处理反馈
480822,奇瑞汽车,艾瑞泽5,2016款 1.5L CVT 领潮版,奇瑞艾瑞泽5变速箱油管爆裂要求处理,"B22,H266,",2020-06-05,用户评分
480821,长安福特,福睿斯,2019款 1.5L 自动 悦享型 国VI 改款,长安福特福睿斯玲珑轮胎有鼓包的现象,"F39,",2020-06-05,用户评分
480820,北京现代,途胜,2015款 1.6T   双离合 两驱 智能型,北京现代途胜漆面有色差疑似喷过漆,"H201,M284,",2020-06-05,处理反馈
480818,奇瑞汽车,艾瑞泽GX,2018款 1.5T CVT 型色版 国V,奇瑞艾瑞泽GX车身与车内多处生锈,"H79,",2020-06-05,处理反馈
480817,上汽集团,荣威i5,2019款 1.5L 手动 4G互联朗豪版,上汽荣威i5变速箱换挡异响顿挫希望解决,"B33,B19,",2020-06-05,处理反馈
480816,吉利汽车,博越,2018款 1.8TD 自动 两驱 智慧型 4G互联版,吉利博越行车电脑死机以及导航不准确,"H134,H21,",2020-06-05,用户评分
480815,吉利汽车,星越,2019款 350T 耀星者,吉利星越车机系统虚假销售不解决,"H155,H264,I295,L313,M279,O348,",2020-06-05,处理反馈
480814,广汽丰田,凯美瑞,2015款 2.0G 自动 领先版,广汽丰田凯美瑞前车轮防尘套漏油厂家未解决,"G51,I295,",2020-06-05,处理反馈
480813,一汽马自达,阿特兹,2020款 2.5L 蓝天尊崇版,一汽马自达阿特兹行驶过程中B柱有异响,"H15,",2020-06-05,用户评分
480811,奇瑞汽车,艾瑞泽5,2016款 1.5L CVT 领锐版,奇瑞艾瑞泽5车门和后备箱生锈严重,"H79,",2020-06-05,处理反馈
480809,吉利汽车,远景X6,2016款 1.8L 手动 豪华型,吉利远景X6车灯内有污渍4S店不解决,"H82,",2020-06-05,处理反馈
480808,广汽本田,雅阁,2016款 2.4L CVT 智睿版,广汽本田雅阁发动机漏油希望尽快解决,"A12,",2020-06-05,处理反馈
480807,一汽吉林,森雅R9,2018款 1.2T 自动 旗舰智享型,一汽吉林森雅R9行驶过程中失去动力,"A255,H155,",2020-06-05,信息审核
480806,一汽马自达,阿特兹,2020款 2.0L 蓝天豪华版,一汽马自达阿特兹行驶中车内中控台异响,"H164,H93,I295,J298,",2020-06-05,用户评分
480805,一汽-大众,速腾,2020款 200TSI 手动 舒适型 国VI,一汽大众速腾松离合转速高存在质量问题,"C16,",2020-06-05,处理反馈
480804,奥迪（进口）,奥迪Q7,2019款 45 TFSI S line运动型,奥迪Q7通电状态下喇叭持续发出电流声	,"H134,",2020-06-05,信息审核
480803,东风日产,轩逸,2014款 1.6L XV CVT 尊享版,东风日产轩逸变速箱出现P0846故障码,"B96,",2020-06-05,用户评分
480802,北京现代,领动,2016款 1.6L 自动 智炫·精英型,北京现代领动ABS和防侧滑故障灯同时亮,"E62,H170,I295,I294,",2020-06-05,处理反馈
480801,一汽-大众,高尔夫,2016款 1.4TSI 25周年纪念版,一汽大众高尔夫仪表提示变速箱挂入P挡,"B96,",2020-06-05,处理反馈
480800,东风日产,轩逸,2016款 1.6XL CVT 豪华版,东风日产轩逸方向卡滞希望厂家处理问题,"D123,",2020-06-05,处理反馈
480799,吉利汽车,星越,2020款 350T 魅影骑士版AWD,吉利星越车机系统虚假宣传 死机严重,"H155,M279,",2020-06-05,用户评分
480798,北京现代,悦纳,2016款 1.4L 手动 炫酷版 GLS,北京现代悦纳发动机曲轴螺丝断裂,"A145,",2020-06-05,处理反馈
480797,东风日产,轩逸,2018款 1.6XV CVT 尊享版,东风日产轩逸变速箱异响希望厂家处理,"B33,",2020-06-05,用户评分
480795,东风日产,逍客,2016款 2.0L CVT 精英版,东风日产逍客变速箱报故障码P17F1,"B84,",2020-06-05,处理反馈
480794,东风标致,标致308S,2015款 1.2T 自动 劲驰版,东风标致308S冷却风扇自转要求处理,"A191,",2020-06-05,处理反馈
480793,上汽大众,途观,2015款 1.8TSI 自动 四驱 豪华型 5座,上汽大众途观低速转向时异响维修未解决,"D59,",2020-06-05,用户评分
480792,吉利汽车,缤越,2019款 260T DCT 游侠 国VI,吉利缤越车窗漏风 车身晃动 车机卡顿,"D58,G204,H155,H144,",2020-06-05,处理反馈
480790,众泰汽车,众泰SR7,2017款 1.5T 手动 魔方之梦版,众泰SR7副驾驶气囊异响 手套箱异响,"H164,N318,",2020-06-05,用户评分
480789,吉利汽车,帝豪,2017款 1.5L CVT 向上版 三厢 百万款,吉利帝豪刹车疲软 存在安全隐患,"E269,",2020-06-05,用户评分
480786,北京现代,悦动,2018款 1.6L 自动 悦目版 GL 国VI,北京现代悦动引擎盖漆面有气泡存在黑点,"H81,",2020-06-05,用户评分
480781,一汽-大众,高尔夫,2020款 挚爱版 280TSI DSG 舒适型,一汽大众高尔夫变速箱异响严重希望处理,"B33,",2020-06-05,处理反馈
480780,广汽乘用车,传祺GS4,2017款 235T 自动 两驱 精英版,广汽传祺GS4偶发性EBD与ABS报警,"E74,H170,",2020-06-05,处理反馈
480778,一汽马自达,马自达CX-4,2020款 2.5L 自动 两驱 蓝天驾趣版,一汽马自达CX-4倒车影像反应迟钝 怠速抖动,"A35,H134,H72,",2020-06-05,信息审核
480777,一汽马自达,阿特兹,2020款 2.5L 蓝天运动版,一汽马自达阿特兹车身B柱异响严重,"H164,H15,",2020-06-05,处理反馈
480776,东风小康,风光580,2018款 改款 1.8L 手动 舒适型,东风风光580经销商出售库存车不解决,"M283,",2020-06-05,用户评分
480774,吉利汽车,星越,2019款 350T 耀星者,吉利星越车机与宣传不符 发动机无机油尺,"M279,Q322,",2020-06-05,处理反馈
480773,长安汽车,长安CS55,2018款 1.5T 手动 炫色型 国V,长安CS55空调压缩机故障无法制冷,"H101,N318,O326,",2020-06-05,处理反馈
480770,一汽马自达,阿特兹,2020款 2.5L 蓝天运动版,一汽马自达阿特兹B柱及中控异响,"H93,H15,",2020-06-05,处理反馈
480767,一汽马自达,阿特兹,2020款 2.5L 蓝天尊崇版,一汽马自达阿特兹车身B柱位置有异响,"H15,",2020-06-05,处理反馈
480766,吉利汽车,星越,2019款 350T 耀星者,吉利星越车机系统死机黑屏厂家不处理,"H155,",2020-06-05,处理反馈
480765,一汽-大众,宝来,2019款 1.5L 自动 精英型,一汽大众宝来制动时踏板不流畅异响,"E43,E47,I295,",2020-06-05,处理反馈
480764,一汽马自达,阿特兹,2020款 2.5L 蓝天运动版,一汽马自达阿特兹A柱 B柱 中控台 顶棚异响,"H93,H15,",2020-06-05,处理反馈
480762,一汽马自达,阿特兹,2020款 2.5L 蓝天运动版,一汽马自达阿特兹车内多处异响要求解决,"H164,",2020-06-05,用户评分
480758,吉利汽车,远景,2018款 1.5L 自动 尊贵型,吉利远景经销商丢失钥匙和车辆合格证,"O353,O354,",2020-06-05,处理反馈
480757,长安汽车,奔奔,2015款 1.4L 手动 尊贵型 国V,长安奔奔中控频繁落锁影响正常使用,"H197,",2020-06-05,用户评分
480756,一汽马自达,阿特兹,2020款 2.5L 蓝天尊崇版,一汽马自达阿特兹车身A柱异响希望厂家解决,"H15,",2020-06-05,处理反馈
480754,奔驰（进口）,奔驰B级,2009款 2.0L CVT 200 动感型,进口奔驰B级行驶中突然降速显示变速箱故障,"B96,B84,",2020-06-05,处理反馈
480753,东风悦达起亚,焕驰,2017款 1.4L 手动 智享版 Value,东风悦达起亚焕驰怠速时抖动 转向跑偏,"A24,G117,",2020-06-05,处理反馈
480752,长安汽车,逸动XT,2016款 1.6L 自动 俊酷型 XT,长安逸动XT挡杆无法从P挡拔出影响使用,"B184,",2020-06-05,处理反馈
480751,一汽马自达,阿特兹,2020款 2.0L 蓝天豪华版,一汽马自达阿特兹车内以及AB柱异响,"H164,",2020-06-05,用户评分
480750,长安汽车,逸动,2019款 1.6L GDI 手动 超值版 国VI,长安逸动底盘无隔热瓦导致车内温度过高,"Q322,",2020-06-05,用户评分
480749,一汽马自达,阿特兹,2020款 2.5L 蓝天尊崇版,一汽马自达阿特兹车身异响多次维修未解决,"H15,J298,",2020-06-05,用户评分
480746,北京奔驰,奔驰GLC,2020款 GLC 260 L 4MATIC 动感型,北京奔驰GLC质量问题协商未达成共识,"I295,I281,",2020-06-05,处理反馈
480743,东风日产,奇骏,2014款 2.0L XL CVT 两驱 舒适版,东风日产奇骏行驶中突然熄火影响驾驶安全,"A14,",2020-06-05,处理反馈
480740,北京奔驰,奔驰GLA,2018款 200 时尚型,北京奔驰GLA后轮吃胎严重4S店无法解决,"G245,",2020-06-05,处理反馈
480739,北京现代,索纳塔九,2015款 1.6T 双离合 GLX领先型,北京现代索纳塔九方向盘抖动行驶时跑偏,"B19,D123,G117,",2020-06-05,处理反馈
480737,一汽马自达,阿特兹,2017款 2.5L 蓝天运动版,一汽马自达阿特兹行驶中转向时方向机异响,"D59,",2020-06-05,处理反馈
480736,一汽马自达,阿特兹,2020款 2.5L 蓝天至尊版,一汽马自达阿特兹车身A柱和B柱异响,"H15,",2020-06-05,处理反馈
480734,一汽马自达,马自达CX-4,2020款 2.5L 自动 四驱 蓝天激情版,一汽马自达CX-4音响系统有噪音影响驾驶,"H134,H168,H209,",2020-06-05,信息审核
480733,一汽马自达,阿特兹,2020款 2.5L 蓝天运动版,一汽马自达阿特兹车身B柱异响严重,"H15,",2020-06-05,用户评分
480731,吉利汽车,博越,2016款 1.8TD 自动 两驱 智联型,吉利博越变速箱顿挫故障灯亮存在质量问题,"B19,B96,",2020-06-05,处理反馈
480730,上汽通用别克,昂科旗,2020款 28T 四驱 旗舰型,别克昂科旗主驾车窗间歇性失效不能够升降,"H67,",2020-06-05,用户评分
480729,吉利汽车,博越,2016款 1.8TD 自动 两驱 智联型,吉利博越变速箱挂挡不走 行驶转速突然升高,"B19,B334,",2020-06-05,处理反馈
480726,长安福特,福睿斯,2017款 1.5L 自动 时尚型 幸福版,长安福特福睿斯左前玻璃无法升降,"H67,",2020-06-05,处理反馈
480725,一汽马自达,阿特兹,2020款 2.5L 蓝天运动版,一汽马自达阿特兹B柱异响 车顶异响,"H15,",2020-06-05,处理反馈
480721,长安标致雪铁龙DS,DS6,2014款 1.6T 豪华版THP160,长安标致雪铁龙DS6事故车维修没有配件 ,"N318,",2020-06-05,信息审核
480720,一汽马自达,阿特兹,2020款 2.5L 蓝天尊崇版,一汽马自达阿特兹车身异响 中控台异响,"H15,",2020-06-05,用户评分
480717,东南汽车,东南DX3,2016款 1.5T CVT 尊贵型,东南DX3示宽灯和车内按键灯不亮,"H82,",2020-06-05,处理反馈
480716,奇瑞汽车,瑞虎8,2018款 1.5TCI 自动 豪华型 7座,奇瑞瑞虎8底盘有异响天窗胶条脱落导致漏水,"D59,G56,H90,H48,H144,",2020-06-05,处理反馈
480713,一汽马自达,马自达CX-4,2020款 2.0L 自动 两驱 蓝天探索版,一汽马自达CX-4 ABC柱及后备箱异响,"H15,",2020-06-05,用户评分
480712,一汽马自达,阿特兹,2020款 2.5L 蓝天运动版,一汽马自达阿特兹左侧车门关闭困难,"H149,",2020-06-05,信息审核
480710,长安汽车,逸动,2018款 1.6L GDI 自动 先锋型 高能版 国V,长安逸动车内温度高要求尽快处理,"Q350,",2020-06-05,处理反馈
480709,奇瑞汽车,瑞虎8,2018款 1.5TCI 手动 尊贵型 5座,奇瑞瑞虎8发动机怠速抖动座椅抖动,"A24,H169,",2020-06-05,处理反馈
480708,一汽马自达,阿特兹,2020款 2.5L 蓝天运动版,一汽马自达阿特兹车身B柱异响严重,"H164,",2020-06-05,处理反馈
480707,长城汽车,哈弗H4,2018款 1.5T 风尚型 蓝标,哈弗H4保养时发动机漏油希望尽快处理,"A12,",2020-06-05,处理反馈
480706,一汽马自达,阿特兹,2020款 2.5L 蓝天运动版,一汽马自达阿特兹车身异响 B柱异响,"H164,",2020-06-05,用户评分
480703,一汽马自达,阿特兹,2020款 2.5L 蓝天运动版,一汽马自达阿特兹中控台与BC柱异响,"H93,H15,",2020-06-05,处理反馈
480700,一汽-大众,速腾,2018款 180TSI 双离合 臻享版,一汽大众速腾发动机高压油泵异响要求解决,"A9,",2020-06-05,用户评分
480696,众泰汽车,众泰T600,2016款 1.5T  手动 尊贵型 运动版,众泰T600车身多处生锈鼓包影响美观,"H79,H81,",2020-06-05,处理反馈
480695,一汽马自达,马自达CX-4,2020款 2.0L 自动 两驱 蓝天活力版,一汽马自达CX-4车内多处异响要求解决,"H72,H15,",2020-06-05,用户评分
480692,广汽本田,雅阁,2016款 2.0L CVT  舒适版,广汽本田雅阁低速行驶时车身共振,"H268,",2020-06-05,处理反馈
480689,一汽马自达,阿特兹,2020款 2.5L 蓝天尊崇版,阿特兹车内异响中控死机远光灯亮度不一致,"H134,H164,H82,",2020-06-05,处理反馈
480688,一汽马自达,阿特兹,2020款 2.5L 蓝天运动版,一汽马自达阿特兹中控台异响 天窗异响,"H89,",2020-06-05,用户评分
480687,一汽马自达,阿特兹,2020款 2.5L 蓝天运动版,一汽马自达阿特兹中控台异响 车身异响,"H93,H15,",2020-06-05,处理反馈
480684,一汽马自达,阿特兹,2020款 2.5L 蓝天运动版,一汽马自达阿特兹B柱位置存在异响,"H15,",2020-06-05,用户评分
480682,一汽马自达,阿特兹,2020款 2.5L 蓝天运动版,一汽马自达阿特兹A柱B柱异响无法解决,"H15,",2020-06-05,处理反馈
480681,吉利汽车,星越,2019款 350T AWD 驭星者,吉利星越车机卡顿 车机系统与宣传不符,"H155,M279,",2020-06-05,处理反馈
480680,东风标致,标致2008,2014款 1.6L 手动 时尚版,东风标致2008质保期内烧机油不解决,"A63,",2020-06-05,信息审核
480677,一汽马自达,阿特兹,2020款 2.5L 蓝天运动版,一汽马自达阿特兹AB柱异响4S店无法解决,"H15,",2020-06-05,用户评分
480676,一汽马自达,阿特兹,2020款 2.5L 蓝天运动版,一汽马自达阿特兹车内异响严重要求处理,"H164,",2020-06-05,用户评分
480675,知豆电动车,知豆D1,2015款 标准型,知豆D1蓄电池故障4S店长期没有配件	,"N318,",2020-06-05,厂家受理
480674,一汽马自达,马自达CX-4,2020款 2.0L 自动 两驱 蓝天品位版,一汽马自达CX-4不平路面行驶车内异响,"H164,I295,I281,",2020-06-05,用户评分
480673,上汽通用别克,昂科威,2014款 2.0T 自动 精英型 5座,别克昂科威天窗漏水导致车顶生锈,"H79,H90,I295,I297,Q350,",2020-06-05,用户评分
480671,众泰汽车,众泰SR7,2016款 1.5T CVT 魔方之门版 国IV,众泰SR7主驾座椅损坏变速箱异响,"B33,H169,",2020-06-05,处理反馈
480668,吉利汽车,博瑞,2015款 1.8T 旗舰型,吉利博瑞防冻液渗漏转向间隙大未解决,"A37,D337,H79,H168,I295,J300,",2020-06-05,处理反馈
480667,东风乘用车,风神A60,2016款 1.5L 手动 尊贵型,东风风神A60发动机启动后出现异响,"A38,",2020-06-05,信息审核
480664,一汽马自达,马自达CX-4,2020款 2.0L 自动 两驱 蓝天品位版,一汽马自达CX-4不平路面车身多处异响,"H15,I295,",2020-06-05,用户评分
480663,华晨宝马,宝马3系,2013款 320i 2.0T 自动 运动设计套装,华晨宝马3系发动机气门室盖漏油严重,"A12,",2020-06-05,处理反馈
480662,众泰汽车,众泰E200,2018款 飞鱼座,众泰E200充电机故障导致车辆无法充电,"H340,",2020-06-05,信息审核
480661,长安福特,福睿斯,2015款 1.5L 自动 时尚型,长安福特福睿斯启动马达无反应要求解决,"A44,",2020-06-05,用户评分
480660,上汽通用别克,凯越,2011款 1.6 自动 LE,别克凯越4S店更换仪表台收取工时费,"K307,",2020-06-05,处理反馈
480659,长城汽车,哈弗H5,2018款 2.0T 手动 四驱 尊贵型 经典版 柴油,哈弗H5保养时发现发动机机油增多,"A339,",2020-06-05,处理反馈
480657,云度新能源,云度π3,2018款 Pro 精英型,云度π3驱动控制器故障显示电池绝缘,"A346,",2020-06-05,处理反馈
480654,众泰汽车,众泰T600,2016款 1.5T 手动 尊贵型,众泰T600空调显示屏不清晰 4S店喷漆有色差,"H134,J303,",2020-06-05,处理反馈
480653,猎豹汽车,猎豹CS10,2017款 1.5T 手动 精英型,猎豹CS10原地转向和颠簸路面异响要求处理,"D59,I297,",2020-06-05,信息审核
480651,上汽通用别克,英朗,2019款 18T 自动 互联旗舰型 国Ⅴ,别克英朗原厂车机Carplay连接频繁故障,"H155,",2020-06-05,用户评分
480650,东风标致,标致4008,2017款 350THP 精英版,东风标致4008服务站未将保养记录上传,"J299,",2020-06-05,用户评分
480649,长安马自达,马自达3 昂克赛拉,2017款 1.5L 自动 豪华型 三厢 国V,长安马自达昂克赛拉发动机故障灯亮,"A34,",2020-06-05,处理反馈
480647,吉利汽车,博越,2016款 1.8TD 自动 两驱 智联型,吉利博越车机系统无法联网无钥匙进入失效,"H155,H119,",2020-06-05,处理反馈
480643,东风雪铁龙,爱丽舍,2016款 1.6L 手动 时尚型,东风雪铁龙爱丽舍发动机严重烧机油,"A63,",2020-06-04,用户评分
480642,东风标致,标致206,2007款 1.6L 自动 睿动版,东风标致206行驶时雪地和运动模式闪烁,"B96,",2020-06-04,处理反馈
480641,江淮汽车,瑞风S7,2017款 2.0T 自动 豪华型,江淮瑞风S7变速箱顿挫 安全气囊故障,"B19,H170,H103,",2020-06-04,处理反馈
480639,上汽通用雪佛兰,科鲁兹,2011款 1.8 SE 自动,雪佛兰科鲁兹发动机气门室盖漏油质量差,"A12,O296,",2020-06-04,处理反馈
480638,长安汽车,长安CS75 PLUS,2020款 2.0T 自动 旗舰型,长安CS75 PLUS变速箱有漏油的现象,"B22,",2020-06-04,用户评分
480637,上汽斯柯达,速派,2013款 1.4T DSG 绅仕版,斯柯达速派座垫开裂 4S店不予处理,"H168,H169,I295,",2020-06-04,用户评分
480636,一汽马自达,阿特兹,2020款 2.5L 蓝天尊崇版,一汽马自达阿特兹ABC柱和天窗有异响,"H15,H89,",2020-06-04,用户评分
480635,上汽通用别克,威朗,2015款 20T 双离合 领先型,别克威朗中控显示屏闪烁影响正常使用,"H134,",2020-06-04,用户评分
480634,奇瑞汽车,奇瑞QQ3,2007款 0.8 手动 基本型,奇瑞QQ3车身多处有生锈腐蚀的现象,"H79,",2020-06-04,用户评分
480633,一汽吉林,森雅R9,2018款 1.2T 自动 尊贵智悦型,一汽吉林森雅R9发动机无法启动 故障灯亮,"A34,A44,",2020-06-04,信息审核
480632,一汽马自达,马自达CX-4,2020款 2.0L 自动 两驱 蓝天活力版,一汽马自达CX-4行驶过程中AB柱有异响,"H15,H89,",2020-06-04,用户评分
480630,一汽马自达,马自达CX-4,2020款 2.0L 自动 两驱 蓝天活力版,一汽马自达CX-4行驶过程中车顶有异响,"H134,H15,",2020-06-04,用户评分
480628,长安福特,蒙迪欧致胜,2011款 200 GTDi 时尚型,长安福特蒙迪欧致胜发动机熄火无法启动,"A14,A44,",2020-06-04,用户评分
480627,吉利汽车,吉利EC8,2011款 2.0L 自动 舒适版,吉利EC8仪表盘字迹显示模糊影响用车,"H202,",2020-06-04,处理反馈
480621,长安福特,蒙迪欧,2017款 EcoBoost 180 自动 时尚型,长安福特蒙迪欧节气门处有机油4S店不予解决,"A12,I295,",2020-06-04,处理反馈
480620,一汽-大众,T-ROC探歌,2020款 230TSI DSG 两驱 进取型,一汽大众探歌挂D挡时车辆无法行驶,"B334,H263,",2020-06-04,处理反馈
480619,吉利汽车,嘉际,2019款 1.5TD MHEV DCT 尊享型,吉利嘉际备胎磨损车内氛围灯与宣传不符,"H157,M279,",2020-06-04,处理反馈
480618,奇瑞新能源,瑞虎3xe,2018款 480 畅行版,奇瑞瑞虎3xe空调压缩机多次故障导致不制冷,"H101,",2020-06-04,用户评分
480615,一汽马自达,阿特兹,2020款 2.5L 蓝天尊崇版,一汽马自达阿特兹行驶过程中B柱有异响,"H15,",2020-06-04,用户评分
480610,众泰汽车,众泰T600 Coupe,2017款 1.5T 自动 尊享型,众泰T600 Coupe大灯进水 多功能按键失灵,"H134,H88,",2020-06-04,处理反馈
480606,一汽马自达,阿特兹,2020款 2.5L 蓝天运动版,一汽马自达阿特兹A柱B柱异响 中控异响,"H93,H15,",2020-06-04,处理反馈
480604,奇瑞汽车,艾瑞泽EX,2019款 1.5L 手动 青春版 国V,奇瑞艾瑞泽EX方向异响 车身生锈 换挡顿挫,"B19,D59,H79,",2020-06-04,用户评分
480603,东风标致,标致408,2014款 1.8L 自动 领先版,东风标致408气温较低时减震器异响严重,"G52,",2020-06-04,处理反馈
480601,一汽-大众奥迪,奥迪A4L,2019款 40 TFSI 时尚型 国VI,一汽大众奥迪A4L开启空调后换挡延迟,"B69,",2020-06-04,信息审核
480599,一汽马自达,阿特兹,2020款 2.5L 蓝天尊崇版,一汽马自达阿特兹A柱B柱及C柱异响,"H15,",2020-06-04,处理反馈
480598,MINI,MINI,2018款 1.5T ONE PLUS 五门版,MINI天窗开关故障售后维修无配件更换,"H192,",2020-06-04,信息审核
480597,一汽马自达,阿特兹,2020款 2.5L 蓝天运动版,一汽马自达阿特兹B柱及天窗异响,"A9,D59,H15,H89,",2020-06-04,处理反馈
480595,东风雪铁龙,雪铁龙C5,2017款 380THP 自动 豪华型,东风雪铁龙C5冷车启动后发动机异响,"A9,",2020-06-04,用户评分
480594,吉利汽车,远景,2016款 1.5L 自动 幸福版,吉利远景挂入倒挡后不踩油门无动力,"B334,",2020-06-04,处理反馈
480593,一汽马自达,阿特兹,2020款 2.0L 蓝天豪华版,马自达阿特兹变速箱顿挫 中控及天窗异响,"B19,H93,H15,H89,",2020-06-04,处理反馈
480592,广汽本田,飞度,2018款 1.5L CVT 舒适版,广汽本田飞度车内异味严重一直无法解决,"H185,",2020-06-04,处理反馈
480591,上汽通用雪佛兰,科鲁兹,2012款 1.6 SE 手动,雪佛兰科鲁兹防冻液乳化存在安全隐患,"A191,",2020-06-04,处理反馈
480589,一汽马自达,阿特兹,2020款 2.5L 蓝天尊崇版,一汽马自达阿特兹车身异响希望尽快解决,"H15,",2020-06-04,用户评分
480586,上汽通用别克,英朗,2019款 18T 自动 互联精英型 国VI,别克英朗中控仪表台及车门异响严重,"H72,H93,",2020-06-04,处理反馈
480584,上汽通用别克,凯越,2008款 1.6 手动 LE,别克凯越仪表台开裂 顶棚布全部脱落,"H176,H168,",2020-06-04,处理反馈
480583,上汽大众,朗逸,2019款 1.5L 自动 舒适版 国VI,上汽大众朗逸车窗升降频繁出现故障,"H67,",2020-06-04,处理反馈
480582,北京现代,朗动,2013款 1.6L 自动 领先型,北京现代朗动中控显示器黑屏要求厂家处理,"H134,",2020-06-04,处理反馈
480581,一汽马自达,阿特兹,2020款 2.5L 蓝天尊崇版,一汽马自达阿特兹车内异响 转向卡滞,"D123,H164,",2020-06-04,用户评分
480579,东风标致,标致408,2015款 1.2T 自动 豪华版,东风标致408固特异轮胎开裂鼓包,"F100,",2020-06-04,用户评分
480578,众泰汽车,众泰SR9,2017款 2.0T 自动 极致之梦版,众泰SR9变速箱二挡损坏无法正常使用,"B20,",2020-06-04,用户评分
480577,比亚迪,宋Pro,2019款 1.5T 自动 精英型,比亚迪宋Pro无隔音棉 胎压监测故障,"H203,Q322,",2020-06-04,处理反馈
480575,广汽丰田,凯美瑞,2016款 2.0G 自动 十周年纪念领先版,广汽丰田凯美瑞保养时发现防尘套漏油,"G51,G161,",2020-06-04,处理反馈
480574,一汽马自达,阿特兹,2020款 2.5L 蓝天运动版,一汽马自达阿特兹车内及车身异响,"H164,H15,",2020-06-04,用户评分
480573,一汽马自达,阿特兹,2020款 2.5L 蓝天尊崇版,一汽马自达阿特兹b柱异响 中控台异响,"H93,H15,",2020-06-04,处理反馈
480572,一汽马自达,阿特兹,2020款 2.5L 蓝天运动版,一汽马自达阿特兹中控台异响A柱异响,"H15,",2020-06-04,用户评分
480571,东风日产,奇骏,2019款 2.0L CVT 智联舒适版 5座 2WD,东风日产奇骏音响共振后雨刮器失灵,"H134,",2020-06-04,处理反馈
480570,陆风汽车,陆风X7,2015款 2.0T 全景尊贵版,陆风X7变速箱无法换挡机械部件损坏,"B334,B77,",2020-06-04,处理反馈
480569,一汽马自达,阿特兹,2020款 2.5L 蓝天尊崇版,一汽马自达阿特兹车身内饰多处异响,"H164,H15,",2020-06-04,用户评分
480567,一汽马自达,阿特兹,2020款 2.5L 蓝天尊崇版,一汽马自达阿特兹B柱以及C柱异响,"H15,",2020-06-04,处理反馈
480566,上汽大众,朗逸,2017款 1.6L 自动 舒适版,上汽大众朗逸排气管异响无法解决,"H31,",2020-06-04,处理反馈
480564,广汽丰田,凯美瑞,2010款 200G 2.0 自动 经典版,广汽丰田凯美瑞中控台出油反光开裂,"H176,",2020-06-04,用户评分
480563,奔驰（进口）,奔驰B级,2009款 2.0L CVT 200 时尚型,进口奔驰B级变速箱阀体故障出现顿挫,"B115,",2020-06-04,用户评分
480562,一汽-大众,速腾,2015款 1.6L  自动 舒适型,一汽大众速腾变速箱拖挡 加速动力,"B334,B69,",2020-06-04,处理反馈
480561,一汽马自达,马自达CX-4,2016款 2.5L 自动 四驱蓝天激情版,一汽马自达CX-4黑屏 刹车异响 打方向异响,"D59,E43,H134,",2020-06-04,处理反馈
480560,一汽马自达,阿特兹,2020款 2.5L 蓝天运动版,一汽马自达阿特兹车身异响维修后无法解决,"H15,",2020-06-04,处理反馈
480558,一汽马自达,阿特兹,2020款 2.5L 蓝天至尊版,一汽马自达阿特兹车身后备箱车内异响,"H164,H15,H68,",2020-06-04,处理反馈
480556,奇瑞汽车,艾瑞泽5,2017款 1.5L 手动 领潮版,奇瑞艾瑞泽5车身生锈存在严重质量问题,"H79,",2020-06-04,处理反馈
480553,长安汽车,逸动,2013款 1.6L 手动 舒适型 国V,长安逸动漆面多处出现锈蚀鼓包现象,"H79,H81,",2020-06-04,处理反馈
480552,一汽丰田,RAV4荣放,2020款 2.0L CVT 两驱 风尚版,一汽丰田RAV4荣放变速箱异响顿挫开空调抖动,"B33,B19,H101,",2020-06-04,厂家受理
480550,上汽斯柯达,速派,2016款 TSI330 DSG 智行版,斯柯达速派车内异味严重希望厂家处理问题,"H185,",2020-06-04,处理反馈
480549,北京现代,现代ix35,2018款 2.0L 自动 两驱 智勇·畅享版,北京现代ix35转向异响更换方向管柱未解决,"D59,H233,J298,",2020-06-04,处理反馈
480548,长安汽车,长安欧尚A800,2017款 1.5T 自动 智尊型,长安欧尚A800例行保养无专用机油维护,"J299,N318,O354,",2020-06-04,用户评分
480547,北汽新能源,北汽新能源EX,2018款 EX360 新尚版,北汽新能源EX车载导航无法连接厂家未回复,"H155,I294,",2020-06-04,处理反馈
480545,一汽-大众,探岳,2019款 380TSI 四驱 尊贵型 国V,一汽大众探岳车灯有阴影希望厂家处理问题,"H82,",2020-06-04,用户评分
480541,广汽本田,飞度,2014款 1.5L CVT SE时尚型,广汽本田飞度冷车启动时发动机异响,"A9,",2020-06-04,处理反馈
480539,东风标致,标致508,2019款 508L 400THP PureTech 驾控版 国VI,东风标致508前轮左右摆臂严重生锈,"H79,",2020-06-04,厂家受理
480538,东风标致,标致408,2015款 1.2T 自动 豪华版,东风标致408正式皮带掉毛发动机烧机油,"A63,A336,Q322,",2020-06-04,用户评分
480537,东风标致,标致408,2015款 1.2T 自动 豪华版,东风标致408冷车时减震器异响严重,"G52,",2020-06-04,处理反馈
480536,上汽大众,帕萨特,2011款 新PASSAT 1.8TSI DSG 至尊版,上汽大众帕萨特变速箱异响存在质量问题,"B33,",2020-06-04,处理反馈
480535,上汽通用别克,昂科拉GX,2020款 20T CVT 两驱 舒适型,别克昂科拉GX后备箱打不开手刹不灵,"E159,H68,",2020-06-04,处理反馈
480534,广汽乘用车,传祺GS8,2017款 320T 两驱 豪华智联版（七座）,广汽传祺GS8冷却液无故减少要求处理,"A37,",2020-06-04,用户评分
480533,一汽-大众奥迪,奥迪A6L,2019款 45 TFSI 臻选动感型,一汽大众奥迪A6L大灯报警 屏幕失灵,"H134,H64,",2020-06-04,信息审核
480532,北京现代,菲斯塔,2019款 280TGDi 智享版 国VI,北京现代菲斯塔变速箱离合器异响严重,"B33,C65,",2020-06-04,用户评分
480531,一汽马自达,阿特兹,2020款 2.5L 蓝天运动版,一汽马自达阿特兹车内异响一直未解决,"H164,",2020-06-04,处理反馈
480530,华晨中华,中华V7,2018款 280T DCT 豪华型 5座,华晨中华V7三角臂与半轴皮套无配件,"N318,",2020-06-04,用户评分
480528,一汽-大众,高尔夫,2017款 230TSI 自动 舒适百万辆纪念版,一汽大众高尔夫变速箱挡杆损坏导致故障灯亮,"B96,B184,",2020-06-04,处理反馈
480527,东风小康,风光580,2017款 1.5T CVT 豪华型 改款,东风风光580电子手刹无法解除希望处理,"E159,",2020-06-04,处理反馈
480526,上汽通用别克,君威,2019款 20T 精英型 国VI,别克君威新车变速箱漏油希望尽快处理,"B22,",2020-06-04,处理反馈
480525,一汽马自达,马自达CX-4,2020款 2.0L 自动 两驱 蓝天品位版,一汽马自达CX-4车身异响严重希望处理,"H15,",2020-06-04,处理反馈
480524,长安汽车,尼欧Ⅱ,2019款 灵动型,长安尼欧Ⅱ动力电池断电存在安全隐患,"H146,",2020-06-04,厂家受理
480521,奔驰（进口）,奔驰A级（进口）,2011款 1.5L  CVT 160,进口奔驰A级突然减速变速箱不能换挡,"B20,J298,",2020-06-04,处理反馈
480519,华晨中华,中华V7,2018款 280T DCT 旗舰型 5座,中华V7变速箱跳挡电瓶亏电 4S店与厂家推脱	,"B27,H146,I281,",2020-06-04,信息审核
480516,一汽马自达,阿特兹,2020款 2.5L 蓝天尊崇版,一汽马自达阿特兹车内与中控台异响严重,"H185,H93,",2020-06-04,用户评分
480515,江铃福特,领界,2019款 EcoBoost 145 CVT 48V 尊领型 国VI,江铃福特领界发动机故障灯亮要求处理,"A34,",2020-06-04,处理反馈
480514,上汽通用别克,英朗,2012款 1.6T 自动 时尚运动型 XT,别克英朗蒸发箱设计缺陷被高温烤碎,"A191,",2020-06-04,处理反馈
480513,一汽吉林,森雅R9,2018款 1.2T 自动 尊贵智悦型,一汽吉林森雅R7事故车经销商没有修好,"J303,",2020-06-04,信息审核
480510,东风悦达起亚,KX3傲跑,2017款 1.6L 自动 傲雅版,东风悦达起亚KX3后保险杠开裂要求处理,"H168,",2020-06-04,用户评分
480509,一汽马自达,马自达CX-4,2020款 2.0L 自动 两驱 蓝天活力版,一汽马自达CX-4新车发动机故障灯报警,"A34,",2020-06-04,用户评分
480508,北京现代,领动,2016款 1.6L 自动 智炫·精英型,北京现代领动两前大灯灯罩开裂不保修,"H220,",2020-06-04,用户评分
480507,一汽马自达,阿特兹,2020款 2.5L 蓝天运动版,一汽马自达阿特兹A柱与B柱异响希望处理,"H15,",2020-06-04,处理反馈
480504,东风标致,标致3008,2013款 1.6T 自动 THP至尚版,东风标致3008空调压缩机不制冷 发动机异响,"A9,H101,",2020-06-04,处理反馈
480503,东风日产,蓝鸟,2016款 1.6L CVT 智酷版,东风日产蓝鸟互联偶尔失灵 车机断电,"H134,H155,H220,",2020-06-04,处理反馈
480501,一汽马自达,阿特兹,2020款 2.5L 蓝天尊崇版,一汽马自达阿特兹天窗与B柱异响严重,"H164,H89,",2020-06-04,处理反馈
480500,一汽马自达,马自达CX-4,2020款 2.0L 自动 两驱 蓝天活力版,一汽马自达CX-4 A柱B柱C柱及中控异响,"H93,H15,",2020-06-04,处理反馈
480499,广汽菲克Jeep,指南者,2017款 200TS 自动 高性能四驱版,广汽菲克Jeep指南者烧机油厂家推诿未解决,"A63,I281,",2020-06-04,厂家受理
480498,一汽马自达,阿特兹,2020款 2.5L 蓝天尊崇版,一汽马自达阿特兹全车多处异响希望解决,"H15,",2020-06-04,用户评分
480495,众泰汽车,众泰SR9,2017款 2.0T 自动 极致之梦版,众泰SR9保修期内变速箱频繁故障,"B96,",2020-06-04,用户评分
480492,一汽马自达,阿特兹,2020款 2.5L 蓝天尊崇版,一汽马自达阿特兹B柱异响 后备箱异响,"H15,",2020-06-04,处理反馈
480491,一汽-大众,迈腾,2017款 330TSI DSG 领先型,一汽大众迈腾低速或原地转向异响,"D59,",2020-06-04,处理反馈
480489,一汽马自达,阿特兹,2020款 2.5L 蓝天运动版,一汽马自达阿特兹A柱异响 车顶异响,"H15,",2020-06-04,处理反馈
480487,广汽本田,飞度,2014款 1.5L CVT SE时尚型,广汽本田飞度冷启动时发动机异响,"A9,",2020-06-04,处理反馈
480485,一汽马自达,阿特兹,2020款 2.5L 蓝天运动版,一汽马自达阿特兹B柱及天窗异响,"H15,H89,",2020-06-04,处理反馈
480482,上汽通用别克,昂科威,2016款 28T 自动 四驱精英型,别克昂科威后差速器左侧油封漏油不保修,"G124,I297,",2020-06-04,处理反馈
480481,长安汽车,长安欧尚A600,2017款 1.5L 手动 标准型,长安欧尚A600主驾驶位置有螺丝脱落,"H168,",2020-06-04,处理反馈
480478,领克汽车,领克03,2018款 1.5TD DCT 劲Pro版 国V,领克03车辆360影像显示画面变形,"H134,",2020-06-04,处理反馈
480477,一汽马自达,阿特兹,2020款 2.5L 蓝天运动版,一汽马自达阿特兹B柱异响 中控异响,"H268,H93,",2020-06-04,处理反馈
480476,一汽马自达,阿特兹,2020款 2.5L 蓝天尊崇版,一汽马自达阿特兹车身以及车内异响,"H164,H15,",2020-06-04,用户评分
480475,一汽-大众,探岳,2019款 330TSI 两驱 豪华型 国Ⅵ,一汽大众探岳油泵接头渗油希望尽快处理,"A12,",2020-06-04,处理反馈
480473,东风标致,标致408,2014款 1.8L 自动 豪华版,东风标致408后桥异响4S店未处理,"G158,I295,I297,",2020-06-04,处理反馈
480472,一汽马自达,阿特兹,2020款 2.5L 蓝天运动版,一汽马自达阿特兹车内多处异响未解决,"H164,I295,",2020-06-04,用户评分
480471,东风标致,标致5008,2017款 380THP 精英版 7座,东风标致5008轮毂腐蚀希望尽快处理,"H243,",2020-06-04,处理反馈
480470,东风裕隆,优6 SUV,2017款 1.6T 新创型 改款,纳智捷优6 SUV涡轮增压器异响要求处理,"A189,",2020-06-04,厂家受理
480469,广汽丰田,凯美瑞,2019款 2.5G 豪华版 国VI,广汽丰田凯美瑞4S店喷漆水平极差,"J303,",2020-06-04,用户评分
480468,吉利汽车,缤越,2019款 260T DCT 骑士 国VI,吉利缤越A柱风噪大 车机系统无法升级,"H144,L314,",2020-06-04,处理反馈
480466,一汽马自达,阿特兹,2020款 2.5L 蓝天尊崇版,一汽马自达阿特兹ABC柱异响 中控异响,"H93,H15,",2020-06-04,处理反馈
480465,一汽马自达,阿特兹,2020款 2.5L 蓝天运动版,一汽马自达阿特兹B柱及C柱位置异响,"H15,",2020-06-04,用户评分
480464,奥迪（进口）,奥迪Q7,2019款 45 TFSI 舒适型,进口奥迪Q7空调严重化学异味希望尽快解决,"H121,",2020-06-04,信息审核
480463,广汽丰田,凯美瑞,2012款 凯美瑞 2.5G 自动 豪华版,广汽丰田凯美瑞半轴防尘套漏油严重,"G51,",2020-06-04,处理反馈
480461,北京现代,悦动,2018款 1.6L 自动 悦目版 GL 国VI,北京现代悦动发动机启动困难希望厂家处理,"A44,",2020-06-04,处理反馈
480459,一汽马自达,阿特兹,2020款 2.0L 蓝天豪华版,一汽马自达阿特兹A柱B柱及中控异响,"H93,H15,",2020-06-04,用户评分
480458,上汽通用凯迪拉克,凯迪拉克XT5,2020款 28T 四驱 豪华型,凯迪拉克XTS转向刹车失效不予退车,"O296,O305,",2020-06-04,处理反馈
480456,长安马自达,马自达3 昂克赛拉,2019款 云控版 三厢 1.5L 自动 舒适型 国VI,长安马自达昂克赛拉4S店维修时车漆剐蹭受损,"I295,I281,J304,",2020-06-04,处理反馈
480455,北汽银翔,幻速S5,2017款 1.3T 手动 尊贵型,北汽幻速S5球笼套漏油ABS泵故障维修无配件,"E74,G161,N318,",2020-06-04,信息审核
480453,长城汽车,长城C30,2013款 1.5L 手动 豪华型,长城C30车身漆面生锈4S店不解决,"H79,H81,I295,",2020-06-04,处理反馈
480452,上汽通用别克,英朗,2018款 18T 自动 精英型,别克英朗蓄电池故障导致发动机无法启动,"H146,",2020-06-04,处理反馈
480450,上汽通用别克,别克GL6,2019款 18T 互联尊贵型 6座 国VI,别克GL6发动机冷启动异响支撑杆磨损车漆,"A9,H68,I295,I294,I282,",2020-06-04,用户评分
480449,沃尔沃亚太,沃尔沃S60,2020款 T3 智行豪华版,亚太沃尔沃S60发动机启动困难希望厂家处理,"A44,",2020-06-04,处理反馈
480448,奇瑞汽车,捷途X70,2018款 1.5T 手动 悦行版,捷途X70保养时加入机油售后操作不规范,"J299,",2020-06-04,处理反馈
480447,长安福特,福睿斯,2017款 1.5L 手动 舒适型,长安福特福睿斯大梁生锈希望厂家处理,"H79,",2020-06-04,用户评分
480446,东风风度,途逸,轻型普通货车,东风途逸发动机动力不足容易出现熄火,"A14,A44,A255,",2020-06-04,信息审核
480445,东风雪铁龙,雪铁龙C4L,2014款 1.8L 手动 智驱版 劲智型,东风雪铁龙C4L打方向沉重松动有间隙,"D156,D337,",2020-06-04,处理反馈
480444,众泰汽车,众泰E200,2018款 飞鱼座,众泰E200中控显示屏黑屏存在质量问题,"H134,",2020-06-04,信息审核
480440,长安福特,福克斯,2015款 1.6L 自动 舒适型 三厢,长安福特福克斯踩油门时变速箱抖动,"B95,",2020-06-04,处理反馈
480439,广汽丰田,雷凌,2019款 185T CVT 豪华版 国VI,广汽丰田雷凌变速箱顿挫厂家推诿未解决,"B19,I295,I281,",2020-06-04,处理反馈
480438,上汽通用别克,威朗,2019款 20T 双离合 领先型 三厢,别克威朗电池亏电导致发动机无法启动,"H146,",2020-06-04,处理反馈
480437,一汽丰田,卡罗拉,2017款 1.6L S-CVT GL 改款,一汽丰田卡罗拉车辆信息存在维修记录,"M284,",2020-06-04,厂家受理
480433,北京现代,悦动,2018款 1.6L 自动 悦目版 GL 国V,北京现代悦动发动机启动困难升级程序未解决,"A44,J301,",2020-06-04,处理反馈
480430,比亚迪,秦新能源,2015款 1.5T 双离合 双冠旗舰版,比亚迪秦新能源续航里程衰退厂家不解决,"H343,I295,I297,",2020-06-04,处理反馈
480429,一汽马自达,阿特兹,2020款 2.5L 蓝天运动版,一汽马自达阿特兹车身B柱异响厂家未解决,"H164,H15,",2020-06-04,用户评分
480428,广汽乘用车,传祺GS4,2020款 270T 自动 智联科技版,广汽传祺GS4行驶中方向跑偏维修未解决,"G117,",2020-06-04,处理反馈
480427,一汽马自达,阿特兹,2020款 2.5L 蓝天尊崇版,一汽马自达阿特兹车身AB柱及天窗异响,"H164,H15,H89,",2020-06-04,处理反馈
480426,一汽-大众,速腾,2019款 280TSI DSG 舒适型 国VI,一汽大众速腾坡道辅助功能失效要求厂家解决,"H170,M279,",2020-06-04,处理反馈
480425,上汽通用五菱,宝骏530,2019款 1.5T CVT 豪华型 7座 国V,宝骏530空调不制冷售后未解决问题,"H101,",2020-06-04,处理反馈
480423,长安福特,嘉年华,2014款 1.0 劲动型 GTDi  两厢,长安福特嘉年华低速加油车抖动厉害,"C87,I297,J298,",2020-06-04,处理反馈
480421,北京现代,瑞纳,2011款 1.4L 手动 舒适型 GS 两厢,北京现代瑞纳车身侧裙生锈希望厂家质保,"H79,",2020-06-04,用户评分
480420,一汽马自达,阿特兹,2020款 2.5L 蓝天尊崇版,一汽马自达阿特兹车内多处异响厂家未回复,"H134,H93,H15,I294,",2020-06-04,用户评分
480419,上汽通用凯迪拉克,凯迪拉克CT5,2020款 28T 铂金运动版,凯迪拉克CT5变速箱异响售后未解决问题,"B33,",2020-06-04,用户评分
480418,东风本田,思域,2019款 220TURBO CVT 劲动版 国VI,东风本田思域坐垫卡子损坏螺丝有拧动痕迹,"H168,H157,I295,",2020-06-04,用户评分
480417,上汽通用别克,威朗,2017款 15S 自动 领先型 三厢,别克威朗车载互联功能无法连接手机,"H155,",2020-06-04,处理反馈
480416,上汽通用五菱,五菱荣光V,2018款 1.5L 实用型,上汽通用五菱荣光V空调压缩机无故爆裂,"H146,",2020-06-04,用户评分
480415,一汽-大众奥迪,奥迪A4L,2019款 40 TFSI 时尚型 国VI,一汽大众奥迪A4L副驾驶车门胶条脱落,"H48,",2020-06-04,信息审核
480414,上汽大众,凌渡,2015款 280TSI DSG 豪华版,上汽大众凌渡变速箱故障无法加速不给解决,"B334,B115,I297,",2020-06-04,用户评分
480413,一汽马自达,阿特兹,2020款 2.5L 蓝天运动版,一汽马自达阿特兹中控台 ABC柱异响,"H93,H15,",2020-06-04,处理反馈
480412,上汽大通,上汽MAXUS G50,2019款 1.5T 自动 精英版 国V,上汽MAXUS G50购车时经销商收取服务费,"K307,K308,",2020-06-04,处理反馈
480411,上汽通用别克,凯越,2015款 1.5L 自动 经典型,别克凯越中控仪表台脱胶翘起存在质量问题,"H176,",2020-06-04,处理反馈
480410,一汽马自达,马自达CX-4,2020款 2.0L 自动 两驱 蓝天品位版,一汽马自达CX-4车身异响颠簸路中控台异响,"H93,H15,I295,",2020-06-04,用户评分
480409,广汽丰田,雷凌,2019款 185T CVT 豪华版 国VI,广汽丰田雷凌购车缴纳定金销售活动未通知,"L313,O296,",2020-06-04,用户评分
480408,上汽通用凯迪拉克,凯迪拉克XT5,2017款 25T 豪华型 周年庆版,凯迪拉克XT5仪表提示故障灯亮希望厂家处理,"H110,J298,",2020-06-04,处理反馈
480405,一汽丰田,RAV4荣放,2020款 2.0L CVT 两驱 风尚PLUS版,一汽丰田RAV4荣放两侧排气管高低不一致,"Q322,",2020-06-04,厂家受理
480404,广汽本田,雅阁,2018款 260TURBO 精英版 国V,广汽本田雅阁普利司通轮胎不平导致噪音很大,"F10,",2020-06-04,用户评分
480401,北京现代,领动,2016款 1.6L 自动 智炫·精英型,北京现代领动发动机故障灯亮希望处理,"A34,",2020-06-04,用户评分
480400,广汽丰田,丰田C-HR,2018款 2.0L 领先天窗版 国VI,广汽丰田C-HR车身变色车漆厚度不一致,"H201,",2020-06-04,处理反馈
480398,一汽-大众,速腾,2018款 1.6L 自动 舒适型,一汽大众速腾玻璃多处划痕希望处理,"H113,",2020-06-04,用户评分
480396,一汽马自达,阿特兹,2020款 2.5L 蓝天运动版,一汽马自达阿特兹车身及内饰多处异响,"H164,H15,",2020-06-04,用户评分
480394,一汽马自达,阿特兹,2020款 2.5L 蓝天尊崇版,一汽马自达阿特兹副驾驶B柱行驶时异响,"H15,",2020-06-04,用户评分
480391,上汽大众,朗逸,2017款 1.6L 手动 舒适版,上汽大众朗逸两前半轴渗油不予维修,"G51,G161,I295,",2020-06-04,用户评分
480390,一汽马自达,阿特兹,2020款 2.5L 蓝天运动版,一汽马自达阿特兹刹车异响中控台异响,"E43,H93,",2020-06-04,处理反馈
480388,上汽通用雪佛兰,迈锐宝,2017款 1.5T 豪华版,雪佛兰迈锐宝停车后仪表台提示未挂入P挡,"B84,B184,",2020-06-04,用户评分
480385,广汽三菱,欧蓝德,2019款 2.0L 两驱 畅享版 5座 国VI,广汽三菱欧蓝德电瓶亏电 车门封条掉色,"E74,H146,H81,I295,O353,",2020-06-04,处理反馈
480383,猎豹汽车,猎豹CS10,2017款 1.5T CVT 尊贵型,猎豹CS10转向机异响严重希望处理,"D59,",2020-06-04,信息审核
480382,猎豹汽车,猎豹CS10,2015款 2.0T  手动 新锐版,猎豹CS10行驶中发动机故障熄火 无法启动,"A14,",2020-06-04,信息审核
480381,一汽马自达,马自达CX-4,2020款 2.0L 自动 两驱 蓝天活力版,一汽马自达CX-4车身异响希望尽快处理,"H15,",2020-06-04,用户评分
480380,江淮汽车,江淮iEVA50,2018款 iEVA50 智享型,江淮iEVA50新车手续不符销售欺诈,"I295,M284,",2020-06-04,处理反馈
480378,一汽马自达,马自达CX-4,2020款 2.0L 自动 两驱 蓝天探索版,一汽马自达CX-4中控异响 仪表盘异响,"H93,H15,",2020-06-04,处理反馈
480375,比亚迪,宋Pro,2019款 1.5T 自动 豪华型,比亚迪宋Pro车道保持及灯光系统与宣传不符,"M279,",2020-06-04,用户评分
480374,一汽马自达,阿特兹,2020款 2.5L 蓝天运动版,一汽马自达阿特兹车身异响厂家不解决问题,"H164,I295,",2020-06-04,处理反馈
480373,一汽-大众奥迪,奥迪A4L,2018款 2.0T 时尚型 30周年年型,一汽大众奥迪A4L低速行驶顿挫 油耗增,"A85,B19,B69,",2020-06-04,信息审核
480371,一汽-大众,T-ROC探歌,2020款 280TSI DSG 两驱 舒适型,一汽大众探歌交完定金后私自加价,"I293,K309,L313,",2020-06-04,处理反馈
480370,一汽-大众,速腾,2017款 1.6L 手动 舒适型,一汽大众速腾后轮传感器故障影响使用,"H234,",2020-06-04,用户评分
480369,上汽通用别克,凯越,2011款 1.6 手动 LE,别克凯越中控台严重开胶 存在安全隐患,"H176,",2020-06-04,处理反馈
480367,吉利汽车,星越,2019款 300T 耀星者,吉利星越中控死机黑屏 版本与宣传不一致,"H155,M279,",2020-06-04,用户评分
480364,开沃汽车,南京金龙,南京金龙,南京金龙开沃动力电池出现严重故障,"H343,",2020-06-04,信息审核
480359,长安汽车,逸动,2019款 蓝鲸版 280T GDI DCT 光速型,长安逸动缺少隔热瓦车门缝隙 无法提速,"B334,H209,Q322,",2020-06-04,用户评分
480355,广汽乘用车,传祺GS4,2016款 235T 手动 豪华版,广汽传祺GS4下摆臂减震器和底盘有异响,"G52,G56,G210,",2020-06-04,用户评分
480353,东风标致,标致408,2019款 350THP 自动 豪华版 国V,东风标致408行驶中打方向盘时有异响,"D59,G56,",2020-06-04,处理反馈
480352,长城汽车,哈弗H4,2018款 1.5T 风尚型 蓝标,哈弗H4大灯内部有黑斑要求厂家解决,"H82,",2020-06-04,处理反馈
480351,吉利汽车,星越,2020款 350T 驭星者,吉利星越车机系统黑屏操作系统与宣传不符,"H155,M279,",2020-06-04,用户评分
480348,一汽-大众,速腾,2019款 280TSI DSG 舒适型 国VI,一汽大众速腾制动卡钳松动颠簸路面异响,"E43,E196,",2020-06-04,处理反馈
480347,东风雪铁龙,C4世嘉,2018款 1.6L 手动 舒适型,东风雪铁龙C4世嘉发动机故障灯报警,"A34,",2020-06-04,处理反馈
480346,上汽大众,途观L,2019款 330TSI 自动 两驱 全景舒适版 国V,上汽大众途观L变速箱顿挫 换挡不积极,"A9,A35,B19,",2020-06-04,信息审核
480344,吉利汽车,帝豪,2018款 1.5L CVT 向上互联版,吉利帝豪踩油门起步时车辆无法行驶,"B334,",2020-06-04,用户评分
480343,一汽马自达,阿特兹,2020款 2.5L 蓝天尊崇版,一汽马自达阿特兹车身与车内多处异响,"H72,H164,H15,",2020-06-04,处理反馈
480340,长安马自达,马自达CX-5,2015款 2.0L 自动 两驱 都市型,长安马自达CX-5车窗玻璃和门锁有异响,"E159,H72,H197,",2020-06-04,用户评分
480338,吉利汽车,帝豪GL,2020款 1.4T CVT 尊贵型,吉利帝豪GL行驶时减震器异响 车身抖动,"G52,H268,",2020-06-04,处理反馈
480337,东风本田,思域,2016款 220TURBO 自动 尊耀版,东风本田思域机油增多存在严重质量问题,"A339,",2020-06-04,处理反馈
480336,长安马自达,马自达CX-5,2017款 2.5L 自动 两驱 智尊型 国VI,长安马自达CX-5电动折叠后视镜折叠不到位,"H211,",2020-06-04,用户评分
480334,长安福特,锐界,2020款 EcoBoost 245 两驱 ST-Line 5座,长安福特锐界门板起泡 坐椅起泡,"H81,H169,",2020-06-04,处理反馈
480332,东风日产,天籁,2020款 2.0L XL 舒适版,东风日产天籁中控异响液压杆异响,"A174,E269,H93,I294,",2020-06-04,处理反馈
480331,东风本田,本田XR-V,2019款 220 TURBO CVT 豪华版 国VI,东风本田XR-V发动机和变速箱连接处漏油,"A12,B22,",2020-06-04,用户评分
480330,猎豹汽车,猎豹CS10,2017款 1.5T CVT 尊贵型,猎豹CS10行驶中熄火保养套餐无法使用,"A14,L313,",2020-06-04,信息审核
480329,比亚迪,宋,2016款 1.5TI 手动精英型 盖世版,比亚迪宋更换中缸后动力不足要求处理,"A163,I293,J300,",2020-06-04,用户评分
480328,长安汽车,长安欧尚A800,2017款 1.5T 手动 豪享型 国V,长安欧尚A800免费升级N95健康防护不兑现,"L314,",2020-06-04,处理反馈
480327,东风日产,逍客,2017款 2.0L CVT 智享版 国VI,东风日产逍客变速箱漏油维修后未解决,"B22,",2020-06-04,处理反馈
480322,上汽集团,荣威i5,2019款 1.5L 自动 4G互联朗越版,上汽荣威i5发动机异响 车身异响,"A9,H15,",2020-06-04,用户评分
480321,吉利汽车,帝豪,2016款 1.3T CVT 向上版 三厢,吉利帝豪前排两侧车门生锈并且腐蚀,"H79,",2020-06-04,用户评分
480320,猎豹汽车,猎豹CS10,2017款 1.5T 手动 尊贵型,猎豹CS10转向机有异响厂家一直没有配件,"D59,N318,",2020-06-04,信息审核
480315,一汽马自达,阿特兹,2020款 2.5L 蓝天尊崇版,一汽马自达阿特兹A柱及B柱异响 天窗异响,"H15,H89,",2020-06-04,处理反馈
480313,一汽-大众,速腾,2018款 1.6L 自动 舒适型,一汽大众速腾原车真皮座椅表面出现色差,"H157,",2020-06-04,处理反馈
480312,一汽丰田,卡罗拉,2019款 1.2T S-CVT GL-i精英版,一汽丰田卡罗拉行驶颠簸路面时中控台异响,"H93,",2020-06-04,厂家受理
480311,东风标致,标致508,2015款 1.6THP 自动 致臻版,东风标致508车内一直存在浓重的异味,"H185,",2020-06-04,处理反馈
